User_ID,Initial_Emotion,Age,Gender,Occupation,Computer_Operating_Skill,Label,Stimulus,Response,Response_Time,Current_Emotion,Mouse_Data,Mouse_Clicks,Mouse_Clicks_List,Mouse_Downtime_List,Click_Moments_List,Speed,Velocity,Graph_file
040324152538,contentment,19,Female,Student,Intermediate,awe,awe_00003.jpg,Yes,5280,awe,"[{'x': 924, 'y': 696, 't': 687}, {'x': 915, 'y': 689, 't': 703}, {'x': 893, 'y': 680, 't': 720}, {'x': 863, 'y': 668, 't': 737}, {'x': 839, 'y': 665, 't': 752}, {'x': 819, 'y': 662, 't': 769}, {'x': 813, 'y': 660, 't': 786}, {'x': 810, 'y': 660, 't': 803}, {'x': 808, 'y': 659, 't': 819}, {'x': 807, 'y': 658, 't': 836}, {'x': 805, 'y': 658, 't': 853}, {'x': 803, 'y': 658, 't': 869}, {'x': 801, 'y': 656, 't': 886}, {'x': 799, 'y': 656, 't': 903}, {'x': 798, 'y': 655, 't': 921}, {'x': 797, 'y': 654, 't': 936}, {'x': 793, 'y': 654, 't': 953}, {'x': 787, 'y': 654, 't': 970}, {'x': 784, 'y': 653, 't': 987}, {'x': 779, 'y': 650, 't': 1003}, {'x': 770, 'y': 646, 't': 1020}, {'x': 764, 'y': 642, 't': 1036}, {'x': 756, 'y': 640, 't': 1053}, {'x': 747, 'y': 636, 't': 1070}, {'x': 737, 'y': 632, 't': 1087}, {'x': 735, 'y': 630, 't': 1104}, {'x': 732, 'y': 629, 't': 1120}, {'x': 730, 'y': 627, 't': 1137}, {'x': 729, 'y': 626, 't': 1160}, {'x': 727, 'y': 626, 't': 1200}, {'x': 727, 'y': 625, 't': 1320}, {'x': 724, 'y': 622, 't': 1337}, {'x': 719, 'y': 617, 't': 1354}, {'x': 713, 'y': 613, 't': 1370}, {'x': 707, 'y': 609, 't': 1387}, {'x': 700, 'y': 606, 't': 1403}, {'x': 688, 'y': 601, 't': 1421}, {'x': 673, 'y': 601, 't': 1437}, {'x': 661, 'y': 599, 't': 1454}, {'x': 653, 'y': 597, 't': 1471}, {'x': 645, 'y': 595, 't': 1487}, {'x': 635, 'y': 590, 't': 1504}, {'x': 630, 'y': 586, 't': 1520}, {'x': 623, 'y': 581, 't': 1538}, {'x': 618, 'y': 576, 't': 1554}, {'x': 610, 'y': 571, 't': 1570}, {'x': 605, 'y': 563, 't': 1587}, {'x': 600, 'y': 556, 't': 1604}, {'x': 594, 'y': 543, 't': 1621}, {'x': 589, 'y': 534, 't': 1638}, {'x': 586, 'y': 527, 't': 1654}, {'x': 584, 'y': 521, 't': 1670}, {'x': 582, 'y': 517, 't': 1687}, {'x': 580, 'y': 513, 't': 1707}, {'x': 580, 'y': 511, 't': 1723}, {'x': 580, 'y': 509, 't': 1741}, {'x': 580, 'y': 507, 't': 1773}, {'x': 580, 'y': 505, 't': 1822}, {'x': 580, 'y': 503, 't': 1839}, {'x': 580, 'y': 501, 't': 1856}, {'x': 581, 'y': 498, 't': 1873}, {'x': 587, 'y': 496, 't': 1890}, {'x': 593, 'y': 494, 't': 1906}, {'x': 599, 'y': 492, 't': 1923}, {'x': 603, 'y': 490, 't': 1940}, {'x': 605, 'y': 490, 't': 1956}, {'x': 609, 'y': 490, 't': 1973}, {'x': 611, 'y': 488, 't': 1990}, {'x': 613, 'y': 488, 't': 2007}, {'x': 615, 'y': 488, 't': 2039}, {'x': 618, 'y': 487, 't': 2056}, {'x': 619, 'y': 486, 't': 2073}, {'x': 621, 'y': 486, 't': 2096}, {'x': 623, 'y': 486, 't': 2112}, {'x': 626, 'y': 485, 't': 2123}, {'x': 627, 'y': 484, 't': 2140}, {'x': 629, 'y': 484, 't': 2157}, {'x': 631, 'y': 482, 't': 2174}, {'x': 633, 'y': 482, 't': 2232}, {'x': 635, 'y': 482, 't': 2256}, {'x': 637, 'y': 482, 't': 2288}, {'x': 640, 'y': 481, 't': 2312}, {'x': 641, 'y': 480, 't': 2336}, {'x': 642, 'y': 480, 't': 2352}, {'x': 643, 'y': 479, 't': 2368}, {'x': 644, 'y': 478, 't': 2376}, {'x': 646, 'y': 478, 't': 2400}, {'x': 648, 'y': 478, 't': 2416}, {'x': 650, 'y': 478, 't': 2440}, {'x': 653, 'y': 477, 't': 2457}, {'x': 654, 'y': 476, 't': 2473}, {'x': 656, 'y': 476, 't': 2490}, {'x': 660, 'y': 476, 't': 2507}, {'x': 662, 'y': 476, 't': 2524}, {'x': 664, 'y': 476, 't': 2552}, {'x': 666, 'y': 476, 't': 2594}, {'x': 668, 'y': 476, 't': 2640}, {'x': 670, 'y': 476, 't': 2664}, {'x': 672, 'y': 476, 't': 2680}, {'x': 674, 'y': 476, 't': 2691}, {'x': 676, 'y': 476, 't': 2707}, {'x': 677, 'y': 476, 't': 2736}, {'x': 679, 'y': 476, 't': 2776}, {'x': 681, 'y': 476, 't': 2800}, {'x': 684, 'y': 477, 't': 2816}, {'x': 687, 'y': 478, 't': 2832}, {'x': 690, 'y': 479, 't': 2840}, {'x': 693, 'y': 480, 't': 2858}, {'x': 699, 'y': 480, 't': 2874}, {'x': 703, 'y': 482, 't': 2890}, {'x': 708, 'y': 484, 't': 2907}, {'x': 713, 'y': 486, 't': 2924}, {'x': 715, 'y': 486, 't': 2941}, {'x': 719, 'y': 486, 't': 2958}, {'x': 725, 'y': 486, 't': 2974}, {'x': 728, 'y': 487, 't': 2990}, {'x': 732, 'y': 488, 't': 3007}, {'x': 733, 'y': 488, 't': 3024}, {'x': 735, 'y': 488, 't': 3041}, {'x': 736, 'y': 491, 't': 3160}, {'x': 732, 'y': 493, 't': 3174}, {'x': 715, 'y': 499, 't': 3190}, {'x': 698, 'y': 503, 't': 3208}, {'x': 691, 'y': 505, 't': 3224}, {'x': 682, 'y': 510, 't': 3241}, {'x': 676, 'y': 512, 't': 3258}, {'x': 670, 'y': 514, 't': 3274}, {'x': 668, 'y': 514, 't': 3291}, {'x': 665, 'y': 515, 't': 3328}, {'x': 664, 'y': 516, 't': 3410}, {'x': 660, 'y': 516, 't': 3426}, {'x': 654, 'y': 518, 't': 3442}, {'x': 650, 'y': 520, 't': 3460}, {'x': 646, 'y': 520, 't': 3476}, {'x': 643, 'y': 521, 't': 3492}, {'x': 642, 'y': 522, 't': 3508}, {'x': 640, 'y': 522, 't': 3542}]",1,"[{'x': 640, 'y': 522}]",[152],[5280],131.77815871621152,63.080408770197764,awe_20240304152607036489_graph.png
040324152538,contentment,19,Female,Student,Intermediate,anger,"<iframe width=""560"" height=""315"" src=""https://www.youtube.com/embed/guVlUIt-eP4?si=ThXOTkgF7BjIoLul&amp;controls=0"" title=""YouTube video player"" frameborder=""0"" allow=""accelerometer; autoplay; clipboard-write; encrypted-media; gyroscope; picture-in-picture; web-share"" allowfullscreen></iframe>",Yes,3912,disgust,"[{'x': 911, 'y': 650, 't': 606}, {'x': 909, 'y': 651, 't': 655}, {'x': 908, 'y': 651, 't': 1031}, {'x': 908, 'y': 651, 't': 1160}, {'x': 906, 'y': 651, 't': 1172}, {'x': 904, 'y': 651, 't': 1189}, {'x': 901, 'y': 650, 't': 1206}, {'x': 898, 'y': 647, 't': 1223}, {'x': 895, 'y': 646, 't': 1239}, {'x': 891, 'y': 642, 't': 1256}, {'x': 891, 'y': 640, 't': 1280}, {'x': 891, 'y': 638, 't': 1296}, {'x': 890, 'y': 637, 't': 1312}, {'x': 889, 'y': 636, 't': 1327}, {'x': 888, 'y': 635, 't': 1360}, {'x': 887, 'y': 634, 't': 1384}, {'x': 887, 'y': 632, 't': 1400}, {'x': 886, 'y': 631, 't': 1407}, {'x': 885, 'y': 630, 't': 1423}, {'x': 883, 'y': 628, 't': 1440}, {'x': 883, 'y': 624, 't': 1456}, {'x': 880, 'y': 621, 't': 1473}, {'x': 877, 'y': 616, 't': 1489}, {'x': 874, 'y': 613, 't': 1506}, {'x': 869, 'y': 608, 't': 1523}, {'x': 865, 'y': 602, 't': 1540}, {'x': 860, 'y': 597, 't': 1556}, {'x': 849, 'y': 592, 't': 1572}, {'x': 841, 'y': 588, 't': 1589}, {'x': 831, 'y': 584, 't': 1606}, {'x': 820, 'y': 579, 't': 1623}, {'x': 812, 'y': 575, 't': 1640}, {'x': 802, 'y': 572, 't': 1655}, {'x': 792, 'y': 566, 't': 1672}, {'x': 773, 'y': 564, 't': 1689}, {'x': 753, 'y': 558, 't': 1706}, {'x': 734, 'y': 550, 't': 1723}, {'x': 707, 'y': 538, 't': 1740}, {'x': 675, 'y': 519, 't': 1756}, {'x': 628, 'y': 493, 't': 1773}, {'x': 567, 'y': 469, 't': 1789}, {'x': 500, 'y': 443, 't': 1806}, {'x': 405, 'y': 413, 't': 1825}, {'x': 365, 'y': 400, 't': 1842}, {'x': 340, 'y': 394, 't': 1858}, {'x': 332, 'y': 392, 't': 1875}, {'x': 330, 'y': 392, 't': 1891}, {'x': 329, 'y': 393, 't': 2064}, {'x': 330, 'y': 398, 't': 2075}, {'x': 336, 'y': 402, 't': 2092}, {'x': 350, 'y': 411, 't': 2108}, {'x': 366, 'y': 419, 't': 2125}, {'x': 379, 'y': 426, 't': 2142}, {'x': 389, 'y': 432, 't': 2158}, {'x': 400, 'y': 437, 't': 2175}, {'x': 418, 'y': 444, 't': 2191}, {'x': 431, 'y': 446, 't': 2208}, {'x': 446, 'y': 451, 't': 2225}, {'x': 459, 'y': 454, 't': 2242}, {'x': 465, 'y': 456, 't': 2258}, {'x': 473, 'y': 458, 't': 2275}, {'x': 484, 'y': 462, 't': 2291}, {'x': 504, 'y': 468, 't': 2308}, {'x': 518, 'y': 468, 't': 2325}, {'x': 537, 'y': 471, 't': 2342}, {'x': 554, 'y': 473, 't': 2358}, {'x': 574, 'y': 473, 't': 2375}, {'x': 589, 'y': 476, 't': 2391}, {'x': 608, 'y': 478, 't': 2408}, {'x': 630, 'y': 481, 't': 2425}, {'x': 650, 'y': 484, 't': 2442}, {'x': 665, 'y': 486, 't': 2459}, {'x': 677, 'y': 489, 't': 2475}, {'x': 685, 'y': 491, 't': 2491}, {'x': 696, 'y': 491, 't': 2508}, {'x': 705, 'y': 493, 't': 2525}, {'x': 719, 'y': 496, 't': 2542}, {'x': 730, 'y': 497, 't': 2559}, {'x': 735, 'y': 498, 't': 2575}, {'x': 736, 'y': 499, 't': 2664}, {'x': 736, 'y': 500, 't': 2680}, {'x': 733, 'y': 503, 't': 2692}, {'x': 725, 'y': 506, 't': 2709}, {'x': 709, 'y': 513, 't': 2726}, {'x': 701, 'y': 515, 't': 2743}, {'x': 682, 'y': 523, 't': 2758}, {'x': 659, 'y': 528, 't': 2776}, {'x': 644, 'y': 533, 't': 2792}, {'x': 632, 'y': 536, 't': 2810}, {'x': 623, 'y': 540, 't': 2827}, {'x': 621, 'y': 540, 't': 2843}]",1,"[{'x': 621, 'y': 540}]",[119],[3911],308.2188635140268,79.28457269565861,anger_20240304152633536766_graph.png
040324152538,contentment,19,Female,Student,Intermediate,contentment,contentment_00009.jpg,Yes,2855,contentment,"[{'x': 909, 'y': 693, 't': 589}, {'x': 896, 'y': 686, 't': 605}, {'x': 885, 'y': 675, 't': 622}, {'x': 874, 'y': 666, 't': 638}, {'x': 864, 'y': 656, 't': 655}, {'x': 861, 'y': 653, 't': 672}, {'x': 857, 'y': 647, 't': 689}, {'x': 850, 'y': 640, 't': 706}, {'x': 847, 'y': 637, 't': 722}, {'x': 844, 'y': 636, 't': 739}, {'x': 842, 'y': 632, 't': 756}, {'x': 839, 'y': 629, 't': 772}, {'x': 836, 'y': 626, 't': 789}, {'x': 831, 'y': 621, 't': 806}, {'x': 827, 'y': 615, 't': 822}, {'x': 819, 'y': 609, 't': 839}, {'x': 809, 'y': 604, 't': 855}, {'x': 803, 'y': 599, 't': 872}, {'x': 800, 'y': 596, 't': 888}, {'x': 795, 'y': 595, 't': 905}, {'x': 791, 'y': 593, 't': 922}, {'x': 790, 'y': 592, 't': 939}, {'x': 785, 'y': 591, 't': 956}, {'x': 782, 'y': 588, 't': 973}, {'x': 778, 'y': 586, 't': 988}, {'x': 774, 'y': 582, 't': 1005}, {'x': 770, 'y': 580, 't': 1022}, {'x': 766, 'y': 576, 't': 1039}, {'x': 763, 'y': 573, 't': 1056}, {'x': 758, 'y': 570, 't': 1072}, {'x': 754, 'y': 566, 't': 1089}, {'x': 745, 'y': 560, 't': 1105}, {'x': 726, 'y': 551, 't': 1122}, {'x': 701, 'y': 543, 't': 1139}, {'x': 675, 'y': 530, 't': 1155}, {'x': 659, 'y': 525, 't': 1173}, {'x': 651, 'y': 521, 't': 1188}, {'x': 648, 'y': 521, 't': 1206}, {'x': 647, 'y': 520, 't': 1224}]",1,"[{'x': 647, 'y': 520}]",[119],[2855],112.6101899716937,109.96965802453582,contentment_20240304152653075911_graph.png
040324152538,contentment,19,Female,Student,Intermediate,contentment,contentment_00009.jpg,Yes,2855,contentment,"[{'x': 909, 'y': 693, 't': 589}, {'x': 896, 'y': 686, 't': 605}, {'x': 885, 'y': 675, 't': 622}, {'x': 874, 'y': 666, 't': 638}, {'x': 864, 'y': 656, 't': 655}, {'x': 861, 'y': 653, 't': 672}, {'x': 857, 'y': 647, 't': 689}, {'x': 850, 'y': 640, 't': 706}, {'x': 847, 'y': 637, 't': 722}, {'x': 844, 'y': 636, 't': 739}, {'x': 842, 'y': 632, 't': 756}, {'x': 839, 'y': 629, 't': 772}, {'x': 836, 'y': 626, 't': 789}, {'x': 831, 'y': 621, 't': 806}, {'x': 827, 'y': 615, 't': 822}, {'x': 819, 'y': 609, 't': 839}, {'x': 809, 'y': 604, 't': 855}, {'x': 803, 'y': 599, 't': 872}, {'x': 800, 'y': 596, 't': 888}, {'x': 795, 'y': 595, 't': 905}, {'x': 791, 'y': 593, 't': 922}, {'x': 790, 'y': 592, 't': 939}, {'x': 785, 'y': 591, 't': 956}, {'x': 782, 'y': 588, 't': 973}, {'x': 778, 'y': 586, 't': 988}, {'x': 774, 'y': 582, 't': 1005}, {'x': 770, 'y': 580, 't': 1022}, {'x': 766, 'y': 576, 't': 1039}, {'x': 763, 'y': 573, 't': 1056}, {'x': 758, 'y': 570, 't': 1072}, {'x': 754, 'y': 566, 't': 1089}, {'x': 745, 'y': 560, 't': 1105}, {'x': 726, 'y': 551, 't': 1122}, {'x': 701, 'y': 543, 't': 1139}, {'x': 675, 'y': 530, 't': 1155}, {'x': 659, 'y': 525, 't': 1173}, {'x': 651, 'y': 521, 't': 1188}, {'x': 648, 'y': 521, 't': 1206}, {'x': 647, 'y': 520, 't': 1224}]",1,"[{'x': 647, 'y': 520}]",[119],[2855],112.6101899716937,109.96965802453582,contentment_20240304152654677853_graph.png
040324152538,contentment,19,Female,Student,Intermediate,excitement,excitement_00004.jpg,Yes,1486,excitement,"[{'x': 913, 'y': 704, 't': 350}, {'x': 902, 'y': 706, 't': 366}, {'x': 891, 'y': 708, 't': 383}, {'x': 889, 'y': 708, 't': 399}, {'x': 887, 'y': 708, 't': 566}, {'x': 883, 'y': 708, 't': 583}, {'x': 879, 'y': 708, 't': 600}, {'x': 869, 'y': 700, 't': 616}, {'x': 862, 'y': 692, 't': 632}, {'x': 848, 'y': 679, 't': 649}, {'x': 838, 'y': 666, 't': 666}, {'x': 824, 'y': 657, 't': 682}, {'x': 814, 'y': 647, 't': 699}, {'x': 806, 'y': 639, 't': 716}, {'x': 797, 'y': 632, 't': 732}, {'x': 792, 'y': 629, 't': 749}, {'x': 789, 'y': 626, 't': 766}, {'x': 785, 'y': 624, 't': 782}, {'x': 779, 'y': 620, 't': 799}, {'x': 775, 'y': 616, 't': 816}, {'x': 767, 'y': 612, 't': 833}, {'x': 759, 'y': 606, 't': 849}, {'x': 750, 'y': 600, 't': 866}, {'x': 745, 'y': 595, 't': 882}, {'x': 734, 'y': 586, 't': 898}, {'x': 726, 'y': 578, 't': 916}, {'x': 716, 'y': 571, 't': 932}, {'x': 708, 'y': 563, 't': 948}, {'x': 701, 'y': 558, 't': 966}, {'x': 696, 'y': 553, 't': 982}, {'x': 688, 'y': 549, 't': 999}, {'x': 684, 'y': 545, 't': 1015}, {'x': 682, 'y': 541, 't': 1033}, {'x': 680, 'y': 539, 't': 1049}, {'x': 677, 'y': 536, 't': 1065}, {'x': 676, 'y': 535, 't': 1082}, {'x': 676, 'y': 533, 't': 1103}]",1,"[{'x': 676, 'y': 533}]",[104],[1486],205.47001381247114,196.66883786741673,excitement_20240304152714601293_graph.png
040324152654,excitement,20,Male,Student,Intermediate,awe,awe_00002.jpg,No,4273,contentment,"[{'x': 976, 'y': 698, 't': 421}, {'x': 980, 'y': 697, 't': 454}, {'x': 982, 'y': 695, 't': 471}, {'x': 986, 'y': 691, 't': 488}, {'x': 989, 'y': 686, 't': 504}, {'x': 992, 'y': 682, 't': 521}, {'x': 996, 'y': 678, 't': 538}, {'x': 998, 'y': 672, 't': 555}, {'x': 1002, 'y': 666, 't': 571}, {'x': 1007, 'y': 660, 't': 588}, {'x': 1011, 'y': 650, 't': 605}, {'x': 1016, 'y': 641, 't': 622}, {'x': 1022, 'y': 628, 't': 638}, {'x': 1029, 'y': 597, 't': 655}, {'x': 1041, 'y': 557, 't': 671}, {'x': 1050, 'y': 531, 't': 688}, {'x': 1052, 'y': 518, 't': 705}, {'x': 1055, 'y': 511, 't': 722}, {'x': 1055, 'y': 502, 't': 737}, {'x': 1055, 'y': 496, 't': 754}, {'x': 1055, 'y': 490, 't': 771}, {'x': 1055, 'y': 481, 't': 788}, {'x': 1055, 'y': 475, 't': 805}, {'x': 1055, 'y': 469, 't': 822}, {'x': 1053, 'y': 462, 't': 838}, {'x': 1051, 'y': 458, 't': 855}, {'x': 1049, 'y': 448, 't': 872}, {'x': 1046, 'y': 443, 't': 887}, {'x': 1043, 'y': 434, 't': 904}, {'x': 1040, 'y': 429, 't': 921}, {'x': 1040, 'y': 423, 't': 937}, {'x': 1038, 'y': 419, 't': 954}, {'x': 1036, 'y': 415, 't': 970}, {'x': 1036, 'y': 411, 't': 987}, {'x': 1034, 'y': 407, 't': 1004}, {'x': 1032, 'y': 401, 't': 1021}, {'x': 1030, 'y': 392, 't': 1038}, {'x': 1027, 'y': 376, 't': 1054}, {'x': 1023, 'y': 364, 't': 1069}, {'x': 1020, 'y': 353, 't': 1087}, {'x': 1017, 'y': 341, 't': 1103}, {'x': 1011, 'y': 322, 't': 1120}, {'x': 1007, 'y': 306, 't': 1137}, {'x': 998, 'y': 289, 't': 1153}, {'x': 989, 'y': 269, 't': 1170}, {'x': 980, 'y': 256, 't': 1186}, {'x': 975, 'y': 246, 't': 1204}, {'x': 972, 'y': 239, 't': 1220}, {'x': 970, 'y': 237, 't': 1236}, {'x': 967, 'y': 234, 't': 1254}, {'x': 965, 'y': 232, 't': 1270}, {'x': 963, 'y': 229, 't': 1287}, {'x': 960, 'y': 227, 't': 1304}, {'x': 957, 'y': 227, 't': 1320}, {'x': 949, 'y': 222, 't': 1337}, {'x': 943, 'y': 220, 't': 1354}, {'x': 934, 'y': 218, 't': 1370}, {'x': 930, 'y': 216, 't': 1387}, {'x': 926, 'y': 216, 't': 1403}, {'x': 924, 'y': 216, 't': 1421}, {'x': 918, 'y': 216, 't': 1437}, {'x': 902, 'y': 216, 't': 1454}, {'x': 882, 'y': 216, 't': 1470}, {'x': 860, 'y': 216, 't': 1487}, {'x': 841, 'y': 216, 't': 1504}, {'x': 826, 'y': 216, 't': 1521}, {'x': 821, 'y': 216, 't': 1537}, {'x': 819, 'y': 216, 't': 1554}, {'x': 815, 'y': 216, 't': 1571}, {'x': 809, 'y': 216, 't': 1588}, {'x': 804, 'y': 216, 't': 1604}, {'x': 799, 'y': 216, 't': 1620}, {'x': 793, 'y': 218, 't': 1637}, {'x': 787, 'y': 218, 't': 1653}, {'x': 779, 'y': 221, 't': 1671}, {'x': 773, 'y': 223, 't': 1687}, {'x': 764, 'y': 225, 't': 1703}, {'x': 757, 'y': 228, 't': 1720}, {'x': 755, 'y': 228, 't': 1737}, {'x': 751, 'y': 230, 't': 1754}, {'x': 749, 'y': 230, 't': 1770}, {'x': 747, 'y': 230, 't': 1787}, {'x': 743, 'y': 232, 't': 1803}, {'x': 740, 'y': 235, 't': 1821}, {'x': 734, 'y': 237, 't': 1838}, {'x': 731, 'y': 238, 't': 1854}, {'x': 722, 'y': 241, 't': 1871}, {'x': 713, 'y': 243, 't': 1887}, {'x': 702, 'y': 248, 't': 1904}, {'x': 694, 'y': 249, 't': 1920}, {'x': 691, 'y': 250, 't': 1937}, {'x': 687, 'y': 252, 't': 1954}, {'x': 680, 'y': 253, 't': 1970}, {'x': 677, 'y': 254, 't': 1988}, {'x': 674, 'y': 255, 't': 2004}, {'x': 673, 'y': 256, 't': 2020}, {'x': 671, 'y': 256, 't': 2037}, {'x': 667, 'y': 256, 't': 2054}, {'x': 664, 'y': 257, 't': 2071}, {'x': 663, 'y': 258, 't': 2087}, {'x': 660, 'y': 259, 't': 2120}, {'x': 659, 'y': 260, 't': 2137}, {'x': 657, 'y': 262, 't': 2154}, {'x': 655, 'y': 262, 't': 2170}, {'x': 652, 'y': 263, 't': 2187}, {'x': 651, 'y': 264, 't': 2205}, {'x': 648, 'y': 265, 't': 2238}, {'x': 651, 'y': 266, 't': 2624}, {'x': 653, 'y': 266, 't': 2638}, {'x': 657, 'y': 264, 't': 2655}, {'x': 661, 'y': 262, 't': 2671}, {'x': 663, 'y': 262, 't': 2688}, {'x': 664, 'y': 261, 't': 2704}, {'x': 665, 'y': 260, 't': 2744}, {'x': 666, 'y': 260, 't': 2771}, {'x': 668, 'y': 260, 't': 2787}, {'x': 670, 'y': 260, 't': 2804}, {'x': 672, 'y': 260, 't': 2838}, {'x': 676, 'y': 260, 't': 2855}, {'x': 680, 'y': 260, 't': 2871}, {'x': 689, 'y': 260, 't': 2887}, {'x': 695, 'y': 262, 't': 2905}, {'x': 699, 'y': 264, 't': 2921}, {'x': 702, 'y': 267, 't': 2937}, {'x': 705, 'y': 268, 't': 2955}, {'x': 714, 'y': 272, 't': 2971}, {'x': 721, 'y': 279, 't': 2988}, {'x': 732, 'y': 285, 't': 3004}, {'x': 742, 'y': 290, 't': 3022}, {'x': 750, 'y': 294, 't': 3038}, {'x': 758, 'y': 300, 't': 3055}, {'x': 767, 'y': 306, 't': 3071}, {'x': 801, 'y': 321, 't': 3088}, {'x': 821, 'y': 326, 't': 3104}, {'x': 837, 'y': 330, 't': 3121}, {'x': 844, 'y': 333, 't': 3138}, {'x': 847, 'y': 334, 't': 3154}, {'x': 848, 'y': 335, 't': 3217}, {'x': 852, 'y': 335, 't': 3237}, {'x': 854, 'y': 337, 't': 3255}, {'x': 856, 'y': 339, 't': 3272}, {'x': 861, 'y': 342, 't': 3288}, {'x': 864, 'y': 345, 't': 3304}, {'x': 869, 'y': 348, 't': 3321}, {'x': 875, 'y': 351, 't': 3338}, {'x': 885, 'y': 357, 't': 3355}, {'x': 896, 'y': 363, 't': 3371}, {'x': 917, 'y': 369, 't': 3388}, {'x': 955, 'y': 372, 't': 3404}, {'x': 994, 'y': 380, 't': 3421}, {'x': 1038, 'y': 384, 't': 3438}, {'x': 1082, 'y': 388, 't': 3454}, {'x': 1172, 'y': 400, 't': 3472}, {'x': 1230, 'y': 408, 't': 3488}, {'x': 1290, 'y': 412, 't': 3504}, {'x': 1342, 'y': 420, 't': 3522}, {'x': 1379, 'y': 426, 't': 3538}, {'x': 1399, 'y': 431, 't': 3554}, {'x': 1420, 'y': 437, 't': 3572}, {'x': 1442, 'y': 446, 't': 3588}, {'x': 1468, 'y': 457, 't': 3604}, {'x': 1484, 'y': 462, 't': 3622}, {'x': 1490, 'y': 464, 't': 3638}, {'x': 1497, 'y': 471, 't': 3654}, {'x': 1506, 'y': 480, 't': 3672}, {'x': 1508, 'y': 482, 't': 3688}, {'x': 1508, 'y': 484, 't': 3768}, {'x': 1504, 'y': 488, 't': 3788}, {'x': 1500, 'y': 490, 't': 3805}, {'x': 1496, 'y': 492, 't': 3822}, {'x': 1492, 'y': 494, 't': 3838}, {'x': 1487, 'y': 495, 't': 3855}, {'x': 1484, 'y': 498, 't': 3872}, {'x': 1478, 'y': 500, 't': 3888}, {'x': 1473, 'y': 504, 't': 3905}, {'x': 1469, 'y': 507, 't': 3921}, {'x': 1466, 'y': 510, 't': 3938}, {'x': 1462, 'y': 514, 't': 3959}, {'x': 1459, 'y': 515, 't': 4046}]",1,"[{'x': 1459, 'y': 515}]",[128],[4272],423.1385795119915,120.8765659447039,awe_20240304152723286538_graph.png
040324152538,contentment,19,Female,Student,Intermediate,fear,"<iframe width=""560"" height=""315"" src=""https://www.youtube.com/embed/gbWE47w2oLE?si=QUj_WuoXZ3nDE-N2&amp;controls=0"" title=""YouTube video player"" frameborder=""0"" allow=""accelerometer; autoplay; clipboard-write; encrypted-media; gyroscope; picture-in-picture; web-share"" allowfullscreen></iframe>",Yes,1785,fear,"[{'x': 917, 'y': 648, 't': 338}, {'x': 937, 'y': 639, 't': 355}, {'x': 965, 'y': 627, 't': 371}, {'x': 991, 'y': 613, 't': 388}, {'x': 1018, 'y': 595, 't': 404}, {'x': 1039, 'y': 583, 't': 421}, {'x': 1052, 'y': 572, 't': 438}, {'x': 1061, 'y': 565, 't': 455}, {'x': 1078, 'y': 553, 't': 472}, {'x': 1085, 'y': 551, 't': 488}, {'x': 1112, 'y': 539, 't': 504}, {'x': 1130, 'y': 530, 't': 521}, {'x': 1144, 'y': 527, 't': 538}, {'x': 1162, 'y': 521, 't': 554}, {'x': 1175, 'y': 519, 't': 571}, {'x': 1190, 'y': 514, 't': 587}, {'x': 1196, 'y': 512, 't': 605}, {'x': 1194, 'y': 512, 't': 822}, {'x': 1171, 'y': 512, 't': 839}, {'x': 1136, 'y': 512, 't': 855}, {'x': 1088, 'y': 512, 't': 871}, {'x': 1006, 'y': 512, 't': 888}, {'x': 957, 'y': 512, 't': 904}, {'x': 908, 'y': 512, 't': 922}, {'x': 872, 'y': 512, 't': 937}, {'x': 844, 'y': 512, 't': 954}, {'x': 826, 'y': 512, 't': 971}, {'x': 811, 'y': 512, 't': 988}, {'x': 792, 'y': 512, 't': 1005}, {'x': 765, 'y': 512, 't': 1022}, {'x': 738, 'y': 512, 't': 1038}, {'x': 707, 'y': 512, 't': 1055}, {'x': 684, 'y': 512, 't': 1072}, {'x': 647, 'y': 512, 't': 1088}, {'x': 629, 'y': 512, 't': 1105}, {'x': 620, 'y': 512, 't': 1121}, {'x': 616, 'y': 512, 't': 1138}, {'x': 613, 'y': 512, 't': 1188}, {'x': 611, 'y': 510, 't': 1221}, {'x': 609, 'y': 510, 't': 1338}, {'x': 608, 'y': 511, 't': 1354}, {'x': 607, 'y': 512, 't': 1371}, {'x': 605, 'y': 512, 't': 1387}, {'x': 603, 'y': 514, 't': 1404}, {'x': 600, 'y': 516, 't': 1420}, {'x': 599, 'y': 516, 't': 1437}, {'x': 597, 'y': 518, 't': 1454}, {'x': 592, 'y': 521, 't': 1471}, {'x': 590, 'y': 523, 't': 1488}, {'x': 589, 'y': 526, 't': 1505}, {'x': 587, 'y': 528, 't': 1521}, {'x': 586, 'y': 529, 't': 1538}]",1,"[{'x': 586, 'y': 529}]",[95],[1784],522.3059985702992,197.05399566850397,fear_20240304152732882459_graph.png
040324152538,contentment,19,Female,Student,Intermediate,fear,"<iframe width=""560"" height=""315"" src=""https://www.youtube.com/embed/gbWE47w2oLE?si=QUj_WuoXZ3nDE-N2&amp;controls=0"" title=""YouTube video player"" frameborder=""0"" allow=""accelerometer; autoplay; clipboard-write; encrypted-media; gyroscope; picture-in-picture; web-share"" allowfullscreen></iframe>",Yes,1785,fear,"[{'x': 917, 'y': 648, 't': 338}, {'x': 937, 'y': 639, 't': 355}, {'x': 965, 'y': 627, 't': 371}, {'x': 991, 'y': 613, 't': 388}, {'x': 1018, 'y': 595, 't': 404}, {'x': 1039, 'y': 583, 't': 421}, {'x': 1052, 'y': 572, 't': 438}, {'x': 1061, 'y': 565, 't': 455}, {'x': 1078, 'y': 553, 't': 472}, {'x': 1085, 'y': 551, 't': 488}, {'x': 1112, 'y': 539, 't': 504}, {'x': 1130, 'y': 530, 't': 521}, {'x': 1144, 'y': 527, 't': 538}, {'x': 1162, 'y': 521, 't': 554}, {'x': 1175, 'y': 519, 't': 571}, {'x': 1190, 'y': 514, 't': 587}, {'x': 1196, 'y': 512, 't': 605}, {'x': 1194, 'y': 512, 't': 822}, {'x': 1171, 'y': 512, 't': 839}, {'x': 1136, 'y': 512, 't': 855}, {'x': 1088, 'y': 512, 't': 871}, {'x': 1006, 'y': 512, 't': 888}, {'x': 957, 'y': 512, 't': 904}, {'x': 908, 'y': 512, 't': 922}, {'x': 872, 'y': 512, 't': 937}, {'x': 844, 'y': 512, 't': 954}, {'x': 826, 'y': 512, 't': 971}, {'x': 811, 'y': 512, 't': 988}, {'x': 792, 'y': 512, 't': 1005}, {'x': 765, 'y': 512, 't': 1022}, {'x': 738, 'y': 512, 't': 1038}, {'x': 707, 'y': 512, 't': 1055}, {'x': 684, 'y': 512, 't': 1072}, {'x': 647, 'y': 512, 't': 1088}, {'x': 629, 'y': 512, 't': 1105}, {'x': 620, 'y': 512, 't': 1121}, {'x': 616, 'y': 512, 't': 1138}, {'x': 613, 'y': 512, 't': 1188}, {'x': 611, 'y': 510, 't': 1221}, {'x': 609, 'y': 510, 't': 1338}, {'x': 608, 'y': 511, 't': 1354}, {'x': 607, 'y': 512, 't': 1371}, {'x': 605, 'y': 512, 't': 1387}, {'x': 603, 'y': 514, 't': 1404}, {'x': 600, 'y': 516, 't': 1420}, {'x': 599, 'y': 516, 't': 1437}, {'x': 597, 'y': 518, 't': 1454}, {'x': 592, 'y': 521, 't': 1471}, {'x': 590, 'y': 523, 't': 1488}, {'x': 589, 'y': 526, 't': 1505}, {'x': 587, 'y': 528, 't': 1521}, {'x': 586, 'y': 529, 't': 1538}]",1,"[{'x': 586, 'y': 529}]",[95],[1784],522.3059985702992,197.05399566850397,fear_20240304152733494695_graph.png
040324152538,contentment,19,Female,Student,Intermediate,amusement,amusement_00002.jpg,Yes,1359,amusement,"[{'x': 931, 'y': 693, 't': 455}, {'x': 913, 'y': 688, 't': 472}, {'x': 907, 'y': 687, 't': 488}, {'x': 902, 'y': 686, 't': 505}, {'x': 894, 'y': 683, 't': 522}, {'x': 889, 'y': 682, 't': 539}, {'x': 884, 'y': 681, 't': 554}, {'x': 872, 'y': 678, 't': 571}, {'x': 859, 'y': 673, 't': 589}, {'x': 831, 'y': 664, 't': 604}, {'x': 800, 'y': 649, 't': 621}, {'x': 767, 'y': 634, 't': 638}, {'x': 760, 'y': 632, 't': 654}, {'x': 751, 'y': 625, 't': 672}, {'x': 749, 'y': 623, 't': 689}, {'x': 747, 'y': 621, 't': 704}, {'x': 746, 'y': 620, 't': 722}, {'x': 746, 'y': 618, 't': 738}, {'x': 744, 'y': 616, 't': 755}, {'x': 744, 'y': 612, 't': 772}, {'x': 743, 'y': 605, 't': 788}, {'x': 740, 'y': 600, 't': 805}, {'x': 735, 'y': 591, 't': 821}, {'x': 729, 'y': 581, 't': 839}, {'x': 726, 'y': 576, 't': 855}, {'x': 722, 'y': 572, 't': 872}, {'x': 718, 'y': 568, 't': 889}, {'x': 713, 'y': 567, 't': 905}, {'x': 709, 'y': 565, 't': 922}, {'x': 703, 'y': 563, 't': 938}, {'x': 698, 'y': 560, 't': 956}, {'x': 691, 'y': 557, 't': 972}, {'x': 682, 'y': 550, 't': 989}, {'x': 676, 'y': 542, 't': 1006}, {'x': 673, 'y': 536, 't': 1023}, {'x': 671, 'y': 534, 't': 1039}, {'x': 669, 'y': 532, 't': 1055}, {'x': 668, 'y': 531, 't': 1072}, {'x': 667, 'y': 530, 't': 1089}, {'x': 666, 'y': 529, 't': 1104}, {'x': 665, 'y': 528, 't': 1122}, {'x': 664, 'y': 527, 't': 1138}, {'x': 663, 'y': 527, 't': 1172}, {'x': 662, 'y': 526, 't': 1188}]",1,"[{'x': 662, 'y': 526}]",[80],[1359],245.90253520500156,232.98219571725625,amusement_20240304152758127033_graph.png
040324152654,excitement,20,Male,Student,Intermediate,awe,awe_00004.jpg,No,4431,contentment,"[{'x': 960, 'y': 706, 't': 251}, {'x': 960, 'y': 705, 't': 865}, {'x': 960, 'y': 704, 't': 882}, {'x': 961, 'y': 703, 't': 899}, {'x': 962, 'y': 702, 't': 915}, {'x': 962, 'y': 700, 't': 949}, {'x': 962, 'y': 698, 't': 966}, {'x': 962, 'y': 696, 't': 984}, {'x': 964, 'y': 694, 't': 1000}, {'x': 964, 'y': 692, 't': 1016}, {'x': 964, 'y': 688, 't': 1033}, {'x': 968, 'y': 683, 't': 1049}, {'x': 968, 'y': 680, 't': 1066}, {'x': 969, 'y': 672, 't': 1082}, {'x': 971, 'y': 666, 't': 1099}, {'x': 972, 'y': 661, 't': 1116}, {'x': 974, 'y': 657, 't': 1133}, {'x': 976, 'y': 653, 't': 1150}, {'x': 978, 'y': 645, 't': 1166}, {'x': 980, 'y': 641, 't': 1183}, {'x': 983, 'y': 632, 't': 1200}, {'x': 984, 'y': 629, 't': 1216}, {'x': 986, 'y': 627, 't': 1233}, {'x': 986, 'y': 623, 't': 1249}, {'x': 988, 'y': 617, 't': 1266}, {'x': 988, 'y': 613, 't': 1282}, {'x': 989, 'y': 608, 't': 1300}, {'x': 991, 'y': 606, 't': 1316}, {'x': 993, 'y': 604, 't': 1333}, {'x': 994, 'y': 603, 't': 1349}, {'x': 996, 'y': 599, 't': 1366}, {'x': 1001, 'y': 589, 't': 1383}, {'x': 1005, 'y': 584, 't': 1399}, {'x': 1012, 'y': 579, 't': 1416}, {'x': 1014, 'y': 573, 't': 1433}, {'x': 1016, 'y': 569, 't': 1449}, {'x': 1017, 'y': 566, 't': 1466}, {'x': 1018, 'y': 563, 't': 1483}, {'x': 1020, 'y': 557, 't': 1500}, {'x': 1021, 'y': 552, 't': 1516}, {'x': 1022, 'y': 544, 't': 1533}, {'x': 1024, 'y': 538, 't': 1550}, {'x': 1026, 'y': 527, 't': 1566}, {'x': 1028, 'y': 520, 't': 1583}, {'x': 1033, 'y': 509, 't': 1599}, {'x': 1035, 'y': 500, 't': 1616}, {'x': 1037, 'y': 496, 't': 1633}, {'x': 1039, 'y': 490, 't': 1650}, {'x': 1044, 'y': 483, 't': 1666}, {'x': 1048, 'y': 479, 't': 1683}, {'x': 1053, 'y': 474, 't': 1700}, {'x': 1059, 'y': 472, 't': 1716}, {'x': 1063, 'y': 470, 't': 1733}, {'x': 1065, 'y': 468, 't': 1749}, {'x': 1068, 'y': 468, 't': 1767}, {'x': 1077, 'y': 466, 't': 1783}, {'x': 1083, 'y': 466, 't': 1799}, {'x': 1092, 'y': 464, 't': 1817}, {'x': 1102, 'y': 464, 't': 1833}, {'x': 1114, 'y': 464, 't': 1850}, {'x': 1136, 'y': 464, 't': 1866}, {'x': 1172, 'y': 464, 't': 1883}, {'x': 1238, 'y': 464, 't': 1900}, {'x': 1326, 'y': 472, 't': 1917}, {'x': 1418, 'y': 480, 't': 1933}, {'x': 1482, 'y': 484, 't': 1949}, {'x': 1501, 'y': 484, 't': 1966}, {'x': 1503, 'y': 484, 't': 1983}, {'x': 1503, 'y': 484, 't': 2071}, {'x': 1502, 'y': 486, 't': 2100}, {'x': 1501, 'y': 487, 't': 2117}, {'x': 1497, 'y': 489, 't': 2133}, {'x': 1495, 'y': 489, 't': 2149}, {'x': 1485, 'y': 491, 't': 2167}, {'x': 1478, 'y': 493, 't': 2183}, {'x': 1472, 'y': 493, 't': 2199}, {'x': 1466, 'y': 495, 't': 2216}, {'x': 1460, 'y': 495, 't': 2233}, {'x': 1457, 'y': 496, 't': 2250}, {'x': 1454, 'y': 497, 't': 2267}, {'x': 1450, 'y': 499, 't': 2283}, {'x': 1443, 'y': 501, 't': 2299}, {'x': 1439, 'y': 501, 't': 2317}, {'x': 1431, 'y': 504, 't': 2333}, {'x': 1415, 'y': 509, 't': 2350}, {'x': 1402, 'y': 512, 't': 2366}, {'x': 1384, 'y': 517, 't': 2384}, {'x': 1379, 'y': 517, 't': 2396}, {'x': 1369, 'y': 519, 't': 2412}, {'x': 1367, 'y': 519, 't': 2421}, {'x': 1359, 'y': 519, 't': 2439}, {'x': 1353, 'y': 521, 't': 2455}, {'x': 1351, 'y': 521, 't': 2472}, {'x': 1349, 'y': 521, 't': 2488}, {'x': 1347, 'y': 521, 't': 3832}, {'x': 1343, 'y': 521, 't': 3856}]",1,"[{'x': 1343, 'y': 521}]",[112],[4431],198.0171688733016,95.99184475483892,awe_20240304152806699899_graph.png
040324152538,contentment,19,Female,Student,Intermediate,anger,"<iframe width=""560"" height=""315"" src=""https://www.youtube.com/embed/guVlUIt-eP4?si=ThXOTkgF7BjIoLul&amp;controls=0"" title=""YouTube video player"" frameborder=""0"" allow=""accelerometer; autoplay; clipboard-write; encrypted-media; gyroscope; picture-in-picture; web-share"" allowfullscreen></iframe>",Yes,2223,sadness,"[{'x': 958, 'y': 663, 't': 245}, {'x': 962, 'y': 664, 't': 261}, {'x': 972, 'y': 666, 't': 279}, {'x': 974, 'y': 666, 't': 295}, {'x': 981, 'y': 668, 't': 312}, {'x': 987, 'y': 670, 't': 329}, {'x': 989, 'y': 670, 't': 362}, {'x': 990, 'y': 670, 't': 429}, {'x': 993, 'y': 671, 't': 445}, {'x': 996, 'y': 672, 't': 462}, {'x': 1000, 'y': 674, 't': 479}, {'x': 1004, 'y': 674, 't': 496}, {'x': 1010, 'y': 674, 't': 512}, {'x': 1014, 'y': 674, 't': 529}, {'x': 1016, 'y': 674, 't': 545}, {'x': 1018, 'y': 674, 't': 563}, {'x': 1021, 'y': 675, 't': 579}, {'x': 1024, 'y': 676, 't': 596}, {'x': 1029, 'y': 676, 't': 612}, {'x': 1036, 'y': 676, 't': 629}, {'x': 1042, 'y': 676, 't': 646}, {'x': 1050, 'y': 676, 't': 663}, {'x': 1054, 'y': 676, 't': 678}, {'x': 1060, 'y': 676, 't': 695}, {'x': 1070, 'y': 674, 't': 713}, {'x': 1076, 'y': 674, 't': 729}, {'x': 1080, 'y': 674, 't': 746}, {'x': 1086, 'y': 674, 't': 778}, {'x': 1089, 'y': 673, 't': 845}, {'x': 1090, 'y': 673, 't': 878}, {'x': 1092, 'y': 671, 't': 895}, {'x': 1099, 'y': 663, 't': 912}, {'x': 1103, 'y': 655, 't': 929}, {'x': 1113, 'y': 642, 't': 946}, {'x': 1120, 'y': 634, 't': 962}, {'x': 1128, 'y': 623, 't': 979}, {'x': 1133, 'y': 618, 't': 997}, {'x': 1137, 'y': 614, 't': 1012}, {'x': 1143, 'y': 606, 't': 1029}, {'x': 1147, 'y': 602, 't': 1045}, {'x': 1153, 'y': 598, 't': 1062}, {'x': 1164, 'y': 589, 't': 1078}, {'x': 1172, 'y': 579, 't': 1096}, {'x': 1179, 'y': 568, 't': 1112}, {'x': 1181, 'y': 565, 't': 1129}, {'x': 1182, 'y': 562, 't': 1145}, {'x': 1184, 'y': 560, 't': 1162}, {'x': 1182, 'y': 558, 't': 1232}, {'x': 1177, 'y': 558, 't': 1245}, {'x': 1154, 'y': 556, 't': 1263}, {'x': 1124, 'y': 556, 't': 1279}, {'x': 1075, 'y': 556, 't': 1296}, {'x': 1041, 'y': 556, 't': 1312}, {'x': 1009, 'y': 556, 't': 1329}, {'x': 977, 'y': 556, 't': 1346}, {'x': 950, 'y': 556, 't': 1363}, {'x': 930, 'y': 556, 't': 1379}, {'x': 903, 'y': 556, 't': 1396}, {'x': 885, 'y': 556, 't': 1412}, {'x': 863, 'y': 556, 't': 1429}, {'x': 835, 'y': 556, 't': 1446}, {'x': 816, 'y': 556, 't': 1462}, {'x': 793, 'y': 558, 't': 1479}, {'x': 777, 'y': 561, 't': 1496}, {'x': 766, 'y': 563, 't': 1513}, {'x': 757, 'y': 563, 't': 1529}, {'x': 749, 'y': 565, 't': 1546}, {'x': 741, 'y': 565, 't': 1563}, {'x': 733, 'y': 567, 't': 1579}, {'x': 723, 'y': 567, 't': 1596}, {'x': 707, 'y': 567, 't': 1612}, {'x': 688, 'y': 567, 't': 1629}, {'x': 676, 'y': 567, 't': 1646}, {'x': 665, 'y': 567, 't': 1663}, {'x': 659, 'y': 567, 't': 1679}, {'x': 654, 'y': 566, 't': 1696}, {'x': 650, 'y': 564, 't': 1712}, {'x': 649, 'y': 563, 't': 1729}, {'x': 646, 'y': 562, 't': 1746}, {'x': 643, 'y': 559, 't': 1763}, {'x': 642, 'y': 558, 't': 1779}, {'x': 641, 'y': 555, 't': 1795}, {'x': 638, 'y': 554, 't': 1812}, {'x': 638, 'y': 552, 't': 1829}, {'x': 638, 'y': 550, 't': 1847}, {'x': 638, 'y': 546, 't': 1863}, {'x': 638, 'y': 544, 't': 1880}, {'x': 638, 'y': 540, 't': 1896}, {'x': 642, 'y': 536, 't': 1913}, {'x': 644, 'y': 534, 't': 1929}, {'x': 646, 'y': 532, 't': 1967}, {'x': 647, 'y': 531, 't': 1999}]",1,"[{'x': 647, 'y': 531}]",[120],[2223],387.99059214927183,151.9808900382408,anger_20240304152817992372_graph.png
040324152654,excitement,20,Male,Student,Intermediate,contentment,contentment_00002.jpg,Yes,4752,amusement,"[{'x': 982, 'y': 698, 't': 480}, {'x': 983, 'y': 687, 't': 497}, {'x': 984, 'y': 684, 't': 514}, {'x': 984, 'y': 680, 't': 531}, {'x': 984, 'y': 676, 't': 547}, {'x': 984, 'y': 672, 't': 580}, {'x': 984, 'y': 666, 't': 597}, {'x': 984, 'y': 658, 't': 614}, {'x': 984, 'y': 652, 't': 631}, {'x': 984, 'y': 647, 't': 648}, {'x': 984, 'y': 639, 't': 663}, {'x': 979, 'y': 627, 't': 680}, {'x': 970, 'y': 615, 't': 697}, {'x': 950, 'y': 595, 't': 714}, {'x': 912, 'y': 565, 't': 730}, {'x': 862, 'y': 541, 't': 746}, {'x': 810, 'y': 525, 't': 764}, {'x': 746, 'y': 509, 't': 780}, {'x': 694, 'y': 497, 't': 797}, {'x': 652, 'y': 493, 't': 814}, {'x': 633, 'y': 490, 't': 831}, {'x': 623, 'y': 487, 't': 847}, {'x': 618, 'y': 486, 't': 864}, {'x': 615, 'y': 485, 't': 880}, {'x': 613, 'y': 485, 't': 897}, {'x': 612, 'y': 485, 't': 946}, {'x': 610, 'y': 485, 't': 963}, {'x': 608, 'y': 485, 't': 997}, {'x': 607, 'y': 486, 't': 1048}, {'x': 605, 'y': 488, 't': 1064}, {'x': 605, 'y': 492, 't': 1081}, {'x': 605, 'y': 495, 't': 1097}, {'x': 605, 'y': 500, 't': 1114}, {'x': 605, 'y': 502, 't': 1130}, {'x': 605, 'y': 504, 't': 1148}, {'x': 605, 'y': 506, 't': 1197}, {'x': 605, 'y': 508, 't': 1206}, {'x': 607, 'y': 512, 't': 1223}, {'x': 609, 'y': 514, 't': 1240}, {'x': 609, 'y': 516, 't': 1267}, {'x': 614, 'y': 519, 't': 1283}, {'x': 616, 'y': 521, 't': 1300}, {'x': 618, 'y': 523, 't': 1317}, {'x': 620, 'y': 523, 't': 1333}, {'x': 621, 'y': 524, 't': 1350}, {'x': 622, 'y': 525, 't': 1367}, {'x': 624, 'y': 527, 't': 1384}, {'x': 630, 'y': 529, 't': 1400}, {'x': 632, 'y': 531, 't': 1417}, {'x': 636, 'y': 531, 't': 1433}, {'x': 638, 'y': 533, 't': 1450}, {'x': 642, 'y': 533, 't': 1466}, {'x': 646, 'y': 533, 't': 1484}, {'x': 650, 'y': 535, 't': 1500}, {'x': 662, 'y': 535, 't': 1516}, {'x': 675, 'y': 540, 't': 1533}, {'x': 700, 'y': 541, 't': 1550}, {'x': 711, 'y': 543, 't': 1567}, {'x': 718, 'y': 545, 't': 1583}, {'x': 722, 'y': 545, 't': 1608}, {'x': 724, 'y': 545, 't': 1624}, {'x': 726, 'y': 545, 't': 1634}, {'x': 728, 'y': 545, 't': 1651}, {'x': 730, 'y': 545, 't': 1719}, {'x': 732, 'y': 544, 't': 1735}, {'x': 733, 'y': 543, 't': 1752}, {'x': 738, 'y': 542, 't': 1769}, {'x': 741, 'y': 539, 't': 1785}, {'x': 744, 'y': 536, 't': 1801}, {'x': 747, 'y': 533, 't': 1818}, {'x': 750, 'y': 530, 't': 1834}, {'x': 752, 'y': 528, 't': 1852}, {'x': 752, 'y': 522, 't': 1868}, {'x': 754, 'y': 516, 't': 1885}, {'x': 754, 'y': 510, 't': 1902}, {'x': 754, 'y': 506, 't': 1918}, {'x': 754, 'y': 502, 't': 1935}, {'x': 754, 'y': 493, 't': 1952}, {'x': 753, 'y': 490, 't': 1968}, {'x': 751, 'y': 488, 't': 1985}, {'x': 750, 'y': 487, 't': 2002}, {'x': 749, 'y': 486, 't': 2019}, {'x': 744, 'y': 485, 't': 2036}, {'x': 739, 'y': 482, 't': 2052}, {'x': 735, 'y': 480, 't': 2069}, {'x': 731, 'y': 480, 't': 2085}, {'x': 728, 'y': 479, 't': 2102}, {'x': 723, 'y': 478, 't': 2119}, {'x': 717, 'y': 478, 't': 2136}, {'x': 699, 'y': 478, 't': 2152}, {'x': 681, 'y': 478, 't': 2169}, {'x': 642, 'y': 478, 't': 2186}, {'x': 601, 'y': 478, 't': 2202}, {'x': 561, 'y': 478, 't': 2218}, {'x': 551, 'y': 478, 't': 2235}, {'x': 549, 'y': 478, 't': 2252}, {'x': 547, 'y': 478, 't': 2269}, {'x': 545, 'y': 478, 't': 2285}, {'x': 543, 'y': 478, 't': 2302}, {'x': 541, 'y': 478, 't': 2335}, {'x': 542, 'y': 478, 't': 2505}, {'x': 544, 'y': 478, 't': 2519}, {'x': 546, 'y': 478, 't': 2536}, {'x': 552, 'y': 476, 't': 2552}, {'x': 556, 'y': 476, 't': 2568}, {'x': 563, 'y': 476, 't': 2586}, {'x': 567, 'y': 474, 't': 2602}, {'x': 573, 'y': 474, 't': 2619}, {'x': 577, 'y': 474, 't': 2635}, {'x': 583, 'y': 472, 't': 2652}, {'x': 589, 'y': 472, 't': 2669}, {'x': 601, 'y': 470, 't': 2686}, {'x': 608, 'y': 468, 't': 2703}, {'x': 622, 'y': 468, 't': 2719}, {'x': 654, 'y': 468, 't': 2735}, {'x': 706, 'y': 468, 't': 2752}, {'x': 744, 'y': 468, 't': 2769}, {'x': 783, 'y': 468, 't': 2786}, {'x': 809, 'y': 468, 't': 2803}, {'x': 818, 'y': 468, 't': 2819}, {'x': 820, 'y': 468, 't': 2836}, {'x': 822, 'y': 468, 't': 2869}, {'x': 824, 'y': 468, 't': 2885}, {'x': 828, 'y': 468, 't': 2903}, {'x': 832, 'y': 468, 't': 2919}, {'x': 834, 'y': 466, 't': 2935}, {'x': 840, 'y': 466, 't': 2952}, {'x': 848, 'y': 466, 't': 2969}, {'x': 864, 'y': 466, 't': 2986}, {'x': 877, 'y': 466, 't': 3002}, {'x': 886, 'y': 466, 't': 3019}, {'x': 892, 'y': 466, 't': 3036}, {'x': 901, 'y': 466, 't': 3053}, {'x': 914, 'y': 466, 't': 3069}, {'x': 929, 'y': 466, 't': 3086}, {'x': 942, 'y': 466, 't': 3102}, {'x': 958, 'y': 466, 't': 3120}, {'x': 976, 'y': 466, 't': 3136}, {'x': 989, 'y': 466, 't': 3152}, {'x': 1007, 'y': 466, 't': 3169}, {'x': 1030, 'y': 466, 't': 3186}, {'x': 1051, 'y': 466, 't': 3202}, {'x': 1072, 'y': 466, 't': 3219}, {'x': 1089, 'y': 466, 't': 3236}, {'x': 1120, 'y': 466, 't': 3253}, {'x': 1152, 'y': 469, 't': 3269}, {'x': 1180, 'y': 473, 't': 3286}, {'x': 1202, 'y': 476, 't': 3303}, {'x': 1215, 'y': 479, 't': 3319}, {'x': 1228, 'y': 481, 't': 3336}, {'x': 1237, 'y': 483, 't': 3353}, {'x': 1243, 'y': 483, 't': 3369}, {'x': 1247, 'y': 483, 't': 3386}, {'x': 1249, 'y': 483, 't': 3403}, {'x': 1251, 'y': 483, 't': 3436}, {'x': 1253, 'y': 485, 't': 3453}, {'x': 1257, 'y': 487, 't': 3469}, {'x': 1263, 'y': 488, 't': 3486}, {'x': 1264, 'y': 489, 't': 3503}, {'x': 1265, 'y': 490, 't': 3519}, {'x': 1265, 'y': 494, 't': 3553}, {'x': 1265, 'y': 498, 't': 3570}, {'x': 1264, 'y': 501, 't': 3586}, {'x': 1248, 'y': 509, 't': 3603}, {'x': 1221, 'y': 516, 't': 3619}, {'x': 1183, 'y': 523, 't': 3636}, {'x': 1135, 'y': 527, 't': 3656}, {'x': 1072, 'y': 531, 't': 3679}, {'x': 1033, 'y': 535, 't': 3695}, {'x': 994, 'y': 535, 't': 3706}, {'x': 955, 'y': 535, 't': 3723}, {'x': 911, 'y': 535, 't': 3739}, {'x': 859, 'y': 535, 't': 3757}, {'x': 807, 'y': 535, 't': 3773}, {'x': 753, 'y': 535, 't': 3790}, {'x': 709, 'y': 535, 't': 3807}, {'x': 682, 'y': 535, 't': 3823}, {'x': 671, 'y': 535, 't': 3840}, {'x': 659, 'y': 535, 't': 3857}, {'x': 638, 'y': 535, 't': 3880}, {'x': 616, 'y': 529, 't': 3897}, {'x': 608, 'y': 526, 't': 3906}, {'x': 598, 'y': 524, 't': 3923}, {'x': 596, 'y': 524, 't': 3939}]",1,"[{'x': 596, 'y': 524}]",[88],[4752],492.36510600517016,89.10042997397125,contentment_20240304152829847663_graph.png
040324152538,contentment,19,Female,Student,Intermediate,disgust,"<iframe width=""560"" height=""315"" src=""https://www.youtube.com/embed/yekWI59YWTg?si=rFBYReNokzbpMk9K&amp;controls=0"" title=""YouTube video player"" frameborder=""0"" allow=""accelerometer; autoplay; clipboard-write; encrypted-media; gyroscope; picture-in-picture; web-share"" allowfullscreen></iframe>",Yes,2592,disgust,"[{'x': 953, 'y': 653, 't': 578}, {'x': 956, 'y': 653, 't': 594}, {'x': 965, 'y': 649, 't': 610}, {'x': 969, 'y': 649, 't': 627}, {'x': 971, 'y': 649, 't': 694}, {'x': 971, 'y': 649, 't': 744}, {'x': 953, 'y': 643, 't': 761}, {'x': 924, 'y': 634, 't': 777}, {'x': 895, 'y': 630, 't': 794}, {'x': 868, 'y': 627, 't': 810}, {'x': 845, 'y': 625, 't': 828}, {'x': 836, 'y': 620, 't': 844}, {'x': 827, 'y': 618, 't': 861}, {'x': 824, 'y': 617, 't': 877}, {'x': 823, 'y': 616, 't': 894}, {'x': 816, 'y': 615, 't': 911}, {'x': 813, 'y': 614, 't': 927}, {'x': 809, 'y': 614, 't': 945}, {'x': 807, 'y': 612, 't': 961}, {'x': 803, 'y': 612, 't': 977}, {'x': 800, 'y': 611, 't': 994}, {'x': 797, 'y': 610, 't': 1011}, {'x': 789, 'y': 608, 't': 1028}, {'x': 778, 'y': 603, 't': 1044}, {'x': 766, 'y': 601, 't': 1061}, {'x': 755, 'y': 597, 't': 1078}, {'x': 729, 'y': 589, 't': 1095}, {'x': 708, 'y': 583, 't': 1111}, {'x': 697, 'y': 581, 't': 1129}, {'x': 690, 'y': 578, 't': 1146}, {'x': 679, 'y': 574, 't': 1162}, {'x': 671, 'y': 572, 't': 1178}, {'x': 666, 'y': 569, 't': 1195}, {'x': 663, 'y': 568, 't': 1212}, {'x': 660, 'y': 567, 't': 1228}, {'x': 659, 'y': 566, 't': 1248}, {'x': 657, 'y': 566, 't': 1263}, {'x': 655, 'y': 564, 't': 1279}, {'x': 652, 'y': 561, 't': 1295}, {'x': 650, 'y': 559, 't': 1312}, {'x': 648, 'y': 555, 't': 1329}, {'x': 648, 'y': 553, 't': 1345}, {'x': 646, 'y': 549, 't': 1362}, {'x': 646, 'y': 545, 't': 1378}, {'x': 646, 'y': 537, 't': 1395}, {'x': 646, 'y': 531, 't': 1412}, {'x': 646, 'y': 522, 't': 1429}, {'x': 646, 'y': 518, 't': 1445}, {'x': 646, 'y': 513, 't': 1462}, {'x': 647, 'y': 507, 't': 1480}, {'x': 649, 'y': 507, 't': 1496}, {'x': 653, 'y': 505, 't': 1513}, {'x': 655, 'y': 505, 't': 1530}, {'x': 653, 'y': 505, 't': 2040}, {'x': 652, 'y': 506, 't': 2056}, {'x': 651, 'y': 507, 't': 2072}, {'x': 650, 'y': 507, 't': 2152}, {'x': 647, 'y': 508, 't': 2176}, {'x': 644, 'y': 509, 't': 2214}, {'x': 642, 'y': 509, 't': 2231}, {'x': 640, 'y': 511, 't': 2249}, {'x': 637, 'y': 512, 't': 2266}, {'x': 635, 'y': 513, 't': 2282}, {'x': 632, 'y': 515, 't': 2298}, {'x': 630, 'y': 515, 't': 2315}, {'x': 626, 'y': 517, 't': 2332}, {'x': 625, 'y': 518, 't': 2366}]",1,"[{'x': 625, 'y': 518}]",[103],[2591],174.39131946795845,136.8424553162138,disgust_20240304152836209528_graph.png
040324152654,excitement,20,Male,Student,Intermediate,excitement,excitement_00002.jpg,Yes,2512,excitement,"[{'x': 952, 'y': 699, 't': 985}, {'x': 952, 'y': 697, 't': 1002}, {'x': 952, 'y': 693, 't': 1018}, {'x': 954, 'y': 687, 't': 1034}, {'x': 956, 'y': 683, 't': 1051}, {'x': 958, 'y': 679, 't': 1068}, {'x': 962, 'y': 673, 't': 1085}, {'x': 969, 'y': 663, 't': 1101}, {'x': 984, 'y': 648, 't': 1117}, {'x': 998, 'y': 634, 't': 1135}, {'x': 1012, 'y': 623, 't': 1151}, {'x': 1018, 'y': 616, 't': 1168}, {'x': 1023, 'y': 612, 't': 1185}, {'x': 1024, 'y': 612, 't': 1201}, {'x': 1026, 'y': 610, 't': 1218}, {'x': 1030, 'y': 608, 't': 1234}, {'x': 1034, 'y': 606, 't': 1252}, {'x': 1037, 'y': 603, 't': 1268}, {'x': 1041, 'y': 601, 't': 1285}, {'x': 1042, 'y': 598, 't': 1301}, {'x': 1046, 'y': 594, 't': 1318}, {'x': 1051, 'y': 588, 't': 1335}, {'x': 1054, 'y': 580, 't': 1352}, {'x': 1058, 'y': 569, 't': 1368}, {'x': 1061, 'y': 560, 't': 1385}, {'x': 1061, 'y': 554, 't': 1402}, {'x': 1061, 'y': 545, 't': 1418}, {'x': 1061, 'y': 541, 't': 1434}, {'x': 1061, 'y': 535, 't': 1452}, {'x': 1061, 'y': 533, 't': 1468}, {'x': 1061, 'y': 529, 't': 1485}, {'x': 1059, 'y': 527, 't': 1501}, {'x': 1059, 'y': 525, 't': 1518}, {'x': 1059, 'y': 523, 't': 1552}, {'x': 1060, 'y': 520, 't': 1568}, {'x': 1062, 'y': 518, 't': 1585}, {'x': 1068, 'y': 516, 't': 1618}, {'x': 1072, 'y': 516, 't': 1635}, {'x': 1080, 'y': 514, 't': 1652}, {'x': 1089, 'y': 514, 't': 1668}, {'x': 1096, 'y': 512, 't': 1685}, {'x': 1105, 'y': 512, 't': 1702}, {'x': 1117, 'y': 512, 't': 1718}, {'x': 1126, 'y': 512, 't': 1735}, {'x': 1175, 'y': 512, 't': 1752}, {'x': 1227, 'y': 512, 't': 1769}, {'x': 1273, 'y': 512, 't': 1785}, {'x': 1312, 'y': 512, 't': 1802}, {'x': 1325, 'y': 512, 't': 1819}, {'x': 1290, 'y': 512, 't': 1905}, {'x': 1196, 'y': 516, 't': 1922}, {'x': 1098, 'y': 524, 't': 1938}, {'x': 1006, 'y': 540, 't': 1955}, {'x': 938, 'y': 548, 't': 1971}, {'x': 886, 'y': 556, 't': 1988}, {'x': 840, 'y': 560, 't': 2005}, {'x': 784, 'y': 564, 't': 2023}, {'x': 718, 'y': 568, 't': 2038}, {'x': 658, 'y': 572, 't': 2055}, {'x': 591, 'y': 572, 't': 2072}, {'x': 563, 'y': 572, 't': 2088}, {'x': 537, 'y': 572, 't': 2106}, {'x': 523, 'y': 566, 't': 2121}, {'x': 513, 'y': 561, 't': 2138}, {'x': 505, 'y': 556, 't': 2155}, {'x': 499, 'y': 550, 't': 2172}, {'x': 496, 'y': 547, 't': 2188}, {'x': 496, 'y': 545, 't': 2222}, {'x': 496, 'y': 543, 't': 2255}, {'x': 496, 'y': 539, 't': 2271}, {'x': 497, 'y': 536, 't': 2305}, {'x': 498, 'y': 535, 't': 2322}, {'x': 499, 'y': 534, 't': 2338}]",1,"[{'x': 499, 'y': 534}]",[80],[2512],535.2930089135344,191.92440062904384,excitement_20240304152849305822_graph.png
040324152654,excitement,20,Male,Student,Intermediate,awe,awe_00003.jpg,Yes,1897,amusement,"[{'x': 970, 'y': 708, 't': 426}, {'x': 981, 'y': 689, 't': 442}, {'x': 990, 'y': 671, 't': 460}, {'x': 1003, 'y': 648, 't': 477}, {'x': 1017, 'y': 625, 't': 493}, {'x': 1026, 'y': 595, 't': 510}, {'x': 1031, 'y': 554, 't': 526}, {'x': 1035, 'y': 506, 't': 543}, {'x': 1039, 'y': 446, 't': 559}, {'x': 1039, 'y': 366, 't': 576}, {'x': 1039, 'y': 344, 't': 592}, {'x': 1037, 'y': 334, 't': 609}, {'x': 1035, 'y': 327, 't': 626}, {'x': 1030, 'y': 322, 't': 642}, {'x': 1017, 'y': 317, 't': 659}, {'x': 1004, 'y': 312, 't': 675}, {'x': 968, 'y': 305, 't': 693}, {'x': 926, 'y': 297, 't': 710}, {'x': 889, 'y': 293, 't': 726}, {'x': 868, 'y': 293, 't': 743}, {'x': 848, 'y': 295, 't': 759}, {'x': 836, 'y': 304, 't': 776}, {'x': 800, 'y': 329, 't': 793}, {'x': 764, 'y': 357, 't': 809}, {'x': 735, 'y': 383, 't': 826}, {'x': 710, 'y': 400, 't': 843}, {'x': 697, 'y': 414, 't': 860}, {'x': 694, 'y': 424, 't': 877}, {'x': 690, 'y': 436, 't': 894}, {'x': 687, 'y': 446, 't': 909}, {'x': 687, 'y': 455, 't': 926}, {'x': 687, 'y': 461, 't': 943}, {'x': 688, 'y': 466, 't': 959}, {'x': 695, 'y': 472, 't': 977}, {'x': 698, 'y': 475, 't': 993}, {'x': 700, 'y': 477, 't': 1011}, {'x': 700, 'y': 479, 't': 1072}, {'x': 700, 'y': 481, 't': 1092}, {'x': 700, 'y': 485, 't': 1109}, {'x': 700, 'y': 487, 't': 1142}, {'x': 698, 'y': 489, 't': 1159}, {'x': 697, 'y': 492, 't': 1176}, {'x': 694, 'y': 493, 't': 1192}, {'x': 691, 'y': 496, 't': 1208}, {'x': 689, 'y': 498, 't': 1226}, {'x': 688, 'y': 499, 't': 1242}, {'x': 687, 'y': 502, 't': 1259}, {'x': 685, 'y': 502, 't': 1276}, {'x': 683, 'y': 502, 't': 1292}, {'x': 681, 'y': 502, 't': 1309}, {'x': 678, 'y': 503, 't': 1326}, {'x': 675, 'y': 506, 't': 1342}, {'x': 672, 'y': 507, 't': 1359}, {'x': 670, 'y': 509, 't': 1376}, {'x': 669, 'y': 510, 't': 1405}, {'x': 666, 'y': 511, 't': 1421}, {'x': 664, 'y': 513, 't': 1446}, {'x': 661, 'y': 516, 't': 1462}, {'x': 658, 'y': 517, 't': 1480}, {'x': 654, 'y': 521, 't': 1496}, {'x': 650, 'y': 524, 't': 1512}, {'x': 649, 'y': 524, 't': 1529}, {'x': 647, 'y': 524, 't': 1579}, {'x': 645, 'y': 524, 't': 1613}]",1,"[{'x': 645, 'y': 524}]",[88],[1897],491.1987787583457,196.87482962297238,awe_20240304152907328671_graph.png
040324152654,excitement,20,Male,Student,Intermediate,sadness,"<iframe width=""560"" height=""315"" src=""https://www.youtube.com/embed/IpNG4ohSUkI?si=Auz1TNKwXXKYEDys&amp;controls=0"" title=""YouTube video player"" frameborder=""0"" allow=""accelerometer; autoplay; clipboard-write; encrypted-media; gyroscope; picture-in-picture; web-share"" allowfullscreen></iframe>",Yes,1936,sadness,"[{'x': 978, 'y': 647, 't': 1081}, {'x': 978, 'y': 636, 't': 1104}, {'x': 969, 'y': 605, 't': 1121}, {'x': 960, 'y': 587, 't': 1137}, {'x': 949, 'y': 573, 't': 1154}, {'x': 936, 'y': 560, 't': 1171}, {'x': 921, 'y': 549, 't': 1188}, {'x': 899, 'y': 539, 't': 1204}, {'x': 872, 'y': 532, 't': 1220}, {'x': 845, 'y': 526, 't': 1237}, {'x': 813, 'y': 522, 't': 1254}, {'x': 775, 'y': 514, 't': 1270}, {'x': 733, 'y': 510, 't': 1288}, {'x': 682, 'y': 503, 't': 1304}, {'x': 660, 'y': 500, 't': 1321}, {'x': 647, 'y': 500, 't': 1337}, {'x': 643, 'y': 499, 't': 1346}, {'x': 640, 'y': 498, 't': 1363}, {'x': 638, 'y': 498, 't': 1378}, {'x': 636, 'y': 498, 't': 1405}, {'x': 636, 'y': 498, 't': 1601}, {'x': 636, 'y': 500, 't': 1622}, {'x': 638, 'y': 502, 't': 1639}, {'x': 638, 'y': 504, 't': 1656}, {'x': 639, 'y': 505, 't': 1774}, {'x': 639, 'y': 506, 't': 1791}, {'x': 639, 'y': 508, 't': 1816}, {'x': 639, 'y': 516, 't': 1840}, {'x': 640, 'y': 519, 't': 1857}, {'x': 641, 'y': 522, 't': 1873}, {'x': 641, 'y': 524, 't': 1907}]",2,"[{'x': 636, 'y': 498}, {'x': 639, 'y': 508}]","[87, 120]","[1568, 1936]",225.57786406245816,185.30218740126335,sadness_20240304152937929944_graph.png
040324152654,excitement,20,Male,Student,Intermediate,sadness,"<iframe width=""560"" height=""315"" src=""https://www.youtube.com/embed/IpNG4ohSUkI?si=Auz1TNKwXXKYEDys&amp;controls=0"" title=""YouTube video player"" frameborder=""0"" allow=""accelerometer; autoplay; clipboard-write; encrypted-media; gyroscope; picture-in-picture; web-share"" allowfullscreen></iframe>",Yes,1936,sadness,"[{'x': 978, 'y': 647, 't': 1081}, {'x': 978, 'y': 636, 't': 1104}, {'x': 969, 'y': 605, 't': 1121}, {'x': 960, 'y': 587, 't': 1137}, {'x': 949, 'y': 573, 't': 1154}, {'x': 936, 'y': 560, 't': 1171}, {'x': 921, 'y': 549, 't': 1188}, {'x': 899, 'y': 539, 't': 1204}, {'x': 872, 'y': 532, 't': 1220}, {'x': 845, 'y': 526, 't': 1237}, {'x': 813, 'y': 522, 't': 1254}, {'x': 775, 'y': 514, 't': 1270}, {'x': 733, 'y': 510, 't': 1288}, {'x': 682, 'y': 503, 't': 1304}, {'x': 660, 'y': 500, 't': 1321}, {'x': 647, 'y': 500, 't': 1337}, {'x': 643, 'y': 499, 't': 1346}, {'x': 640, 'y': 498, 't': 1363}, {'x': 638, 'y': 498, 't': 1378}, {'x': 636, 'y': 498, 't': 1405}, {'x': 636, 'y': 498, 't': 1601}, {'x': 636, 'y': 500, 't': 1622}, {'x': 638, 'y': 502, 't': 1639}, {'x': 638, 'y': 504, 't': 1656}, {'x': 639, 'y': 505, 't': 1774}, {'x': 639, 'y': 506, 't': 1791}, {'x': 639, 'y': 508, 't': 1816}, {'x': 639, 'y': 516, 't': 1840}, {'x': 640, 'y': 519, 't': 1857}, {'x': 641, 'y': 522, 't': 1873}, {'x': 641, 'y': 524, 't': 1907}]",2,"[{'x': 636, 'y': 498}, {'x': 639, 'y': 508}]","[87, 120]","[1568, 1936]",225.57786406245816,185.30218740126335,sadness_20240304152938137096_graph.png
040324152654,excitement,20,Male,Student,Intermediate,sadness,sadness_00001.jpg,Yes,1535,sadness,"[{'x': 966, 'y': 685, 't': 959}, {'x': 961, 'y': 678, 't': 976}, {'x': 945, 'y': 652, 't': 992}, {'x': 913, 'y': 608, 't': 1008}, {'x': 879, 'y': 570, 't': 1025}, {'x': 860, 'y': 548, 't': 1042}, {'x': 850, 'y': 543, 't': 1058}, {'x': 844, 'y': 538, 't': 1075}, {'x': 835, 'y': 534, 't': 1092}, {'x': 826, 'y': 532, 't': 1108}, {'x': 816, 'y': 529, 't': 1126}, {'x': 809, 'y': 528, 't': 1142}, {'x': 801, 'y': 527, 't': 1159}, {'x': 772, 'y': 521, 't': 1175}, {'x': 739, 'y': 518, 't': 1192}, {'x': 723, 'y': 516, 't': 1209}, {'x': 715, 'y': 515, 't': 1226}, {'x': 710, 'y': 513, 't': 1242}, {'x': 709, 'y': 513, 't': 1259}, {'x': 703, 'y': 513, 't': 1283}, {'x': 701, 'y': 513, 't': 1299}, {'x': 699, 'y': 513, 't': 1308}, {'x': 697, 'y': 513, 't': 1352}]",1,"[{'x': 697, 'y': 513}]",[120],[1535],223.16012506543308,208.00538827548314,sadness_20240304152958358490_graph.png
040324152654,excitement,20,Male,Student,Intermediate,anger,"<iframe width=""560"" height=""315"" src=""https://www.youtube.com/embed/guVlUIt-eP4?si=ThXOTkgF7BjIoLul&amp;controls=0"" title=""YouTube video player"" frameborder=""0"" allow=""accelerometer; autoplay; clipboard-write; encrypted-media; gyroscope; picture-in-picture; web-share"" allowfullscreen></iframe>",Yes,1632,anger,"[{'x': 968, 'y': 636, 't': 861}, {'x': 961, 'y': 627, 't': 878}, {'x': 945, 'y': 614, 't': 894}, {'x': 903, 'y': 584, 't': 912}, {'x': 801, 'y': 530, 't': 928}, {'x': 755, 'y': 516, 't': 944}, {'x': 713, 'y': 512, 't': 962}, {'x': 677, 'y': 508, 't': 978}, {'x': 633, 'y': 500, 't': 994}, {'x': 601, 'y': 500, 't': 1011}, {'x': 573, 'y': 500, 't': 1029}, {'x': 556, 'y': 500, 't': 1044}, {'x': 538, 'y': 500, 't': 1061}, {'x': 526, 'y': 500, 't': 1078}, {'x': 514, 'y': 500, 't': 1095}, {'x': 504, 'y': 500, 't': 1111}, {'x': 496, 'y': 500, 't': 1129}, {'x': 494, 'y': 500, 't': 1145}, {'x': 491, 'y': 503, 't': 1179}, {'x': 491, 'y': 507, 't': 1195}, {'x': 491, 'y': 511, 't': 1212}, {'x': 491, 'y': 515, 't': 1228}, {'x': 491, 'y': 517, 't': 1254}, {'x': 492, 'y': 518, 't': 1272}, {'x': 494, 'y': 520, 't': 1281}, {'x': 498, 'y': 520, 't': 1297}, {'x': 502, 'y': 520, 't': 1314}, {'x': 506, 'y': 520, 't': 1330}, {'x': 512, 'y': 520, 't': 1347}, {'x': 516, 'y': 522, 't': 1364}, {'x': 520, 'y': 522, 't': 1382}, {'x': 523, 'y': 523, 't': 1398}, {'x': 524, 'y': 524, 't': 1415}, {'x': 526, 'y': 524, 't': 1431}]",1,"[{'x': 526, 'y': 524}]",[112],[1632],346.07454310406365,279.39295172303576,anger_20240304153019008359_graph.png
040324152934,contentment,20,Male,Student,Intermediate,fear,"<iframe width=""560"" height=""315"" src=""https://www.youtube.com/embed/gbWE47w2oLE?si=QUj_WuoXZ3nDE-N2&amp;controls=0"" title=""YouTube video player"" frameborder=""0"" allow=""accelerometer; autoplay; clipboard-write; encrypted-media; gyroscope; picture-in-picture; web-share"" allowfullscreen></iframe>",Yes,3368,amusement,"[{'x': 957, 'y': 663, 't': 2569}, {'x': 940, 'y': 658, 't': 2576}, {'x': 905, 'y': 646, 't': 2589}, {'x': 839, 'y': 627, 't': 2606}, {'x': 787, 'y': 609, 't': 2623}, {'x': 745, 'y': 594, 't': 2639}, {'x': 729, 'y': 591, 't': 2656}, {'x': 727, 'y': 591, 't': 2729}, {'x': 725, 'y': 589, 't': 2745}, {'x': 723, 'y': 589, 't': 2768}, {'x': 721, 'y': 589, 't': 2775}, {'x': 719, 'y': 589, 't': 2789}, {'x': 711, 'y': 587, 't': 2805}, {'x': 697, 'y': 585, 't': 2823}, {'x': 684, 'y': 582, 't': 2839}, {'x': 672, 'y': 580, 't': 2856}, {'x': 661, 'y': 576, 't': 2872}, {'x': 649, 'y': 571, 't': 2890}, {'x': 633, 'y': 566, 't': 2906}, {'x': 623, 'y': 561, 't': 2923}, {'x': 622, 'y': 560, 't': 2940}, {'x': 622, 'y': 558, 't': 2956}, {'x': 622, 'y': 556, 't': 2973}, {'x': 625, 'y': 553, 't': 2990}, {'x': 628, 'y': 552, 't': 3006}, {'x': 630, 'y': 550, 't': 3023}, {'x': 632, 'y': 548, 't': 3039}, {'x': 633, 'y': 545, 't': 3056}, {'x': 635, 'y': 543, 't': 3080}, {'x': 637, 'y': 543, 't': 3090}, {'x': 643, 'y': 541, 't': 3106}, {'x': 652, 'y': 539, 't': 3123}, {'x': 658, 'y': 537, 't': 3145}, {'x': 663, 'y': 536, 't': 3162}, {'x': 668, 'y': 535, 't': 3178}, {'x': 674, 'y': 532, 't': 3195}, {'x': 676, 'y': 532, 't': 3211}]",1,"[{'x': 676, 'y': 532}]",[88],[3368],124.08503676570645,92.05329033265602,fear_20240304153023346941_graph.png
040324152934,contentment,20,Male,Student,Intermediate,disgust,"<iframe width=""560"" height=""315"" src=""https://www.youtube.com/embed/yekWI59YWTg?si=rFBYReNokzbpMk9K&amp;controls=0"" title=""YouTube video player"" frameborder=""0"" allow=""accelerometer; autoplay; clipboard-write; encrypted-media; gyroscope; picture-in-picture; web-share"" allowfullscreen></iframe>",Yes,2776,disgust,"[{'x': 954, 'y': 654, 't': 1120}, {'x': 951, 'y': 654, 't': 1128}, {'x': 947, 'y': 654, 't': 1140}, {'x': 925, 'y': 648, 't': 1157}, {'x': 902, 'y': 642, 't': 1174}, {'x': 889, 'y': 637, 't': 1191}, {'x': 888, 'y': 636, 't': 1240}, {'x': 886, 'y': 635, 't': 1264}, {'x': 885, 'y': 634, 't': 1274}, {'x': 881, 'y': 632, 't': 1291}, {'x': 879, 'y': 630, 't': 1307}, {'x': 877, 'y': 628, 't': 1325}, {'x': 873, 'y': 628, 't': 1341}, {'x': 868, 'y': 625, 't': 1358}, {'x': 860, 'y': 620, 't': 1374}, {'x': 847, 'y': 615, 't': 1391}, {'x': 839, 'y': 611, 't': 1407}, {'x': 828, 'y': 607, 't': 1425}, {'x': 816, 'y': 602, 't': 1440}, {'x': 800, 'y': 594, 't': 1458}, {'x': 770, 'y': 582, 't': 1474}, {'x': 734, 'y': 565, 't': 1491}, {'x': 695, 'y': 550, 't': 1508}, {'x': 663, 'y': 536, 't': 1525}, {'x': 642, 'y': 524, 't': 1541}, {'x': 638, 'y': 522, 't': 1557}, {'x': 637, 'y': 521, 't': 1591}, {'x': 635, 'y': 521, 't': 1776}, {'x': 633, 'y': 521, 't': 1793}, {'x': 630, 'y': 522, 't': 1810}, {'x': 627, 'y': 525, 't': 1827}, {'x': 622, 'y': 526, 't': 1844}, {'x': 617, 'y': 529, 't': 1861}, {'x': 615, 'y': 529, 't': 1879}]",1,"[{'x': 615, 'y': 529}]",[111],[2775],133.52689868119796,130.15543946519125,disgust_20240304153049056028_graph.png
040324152934,contentment,20,Male,Student,Intermediate,excitement,excitement_00001.jpg,No,3408,sadness,"[{'x': 955, 'y': 706, 't': 1392}, {'x': 960, 'y': 705, 't': 1403}, {'x': 967, 'y': 701, 't': 1420}, {'x': 977, 'y': 698, 't': 1436}, {'x': 981, 'y': 696, 't': 1452}, {'x': 983, 'y': 694, 't': 1470}, {'x': 985, 'y': 694, 't': 1496}, {'x': 987, 'y': 694, 't': 1503}, {'x': 989, 'y': 692, 't': 1519}, {'x': 990, 'y': 691, 't': 1544}, {'x': 990, 'y': 690, 't': 1640}, {'x': 988, 'y': 684, 't': 1652}, {'x': 950, 'y': 660, 't': 1669}, {'x': 908, 'y': 629, 't': 1686}, {'x': 842, 'y': 591, 't': 1703}, {'x': 804, 'y': 573, 't': 1719}, {'x': 775, 'y': 562, 't': 1736}, {'x': 757, 'y': 558, 't': 1753}, {'x': 745, 'y': 553, 't': 1770}, {'x': 730, 'y': 548, 't': 1787}, {'x': 717, 'y': 545, 't': 1803}, {'x': 714, 'y': 544, 't': 1819}, {'x': 714, 'y': 543, 't': 1839}, {'x': 710, 'y': 543, 't': 1960}, {'x': 709, 'y': 543, 't': 1970}, {'x': 703, 'y': 541, 't': 1986}, {'x': 699, 'y': 539, 't': 2003}, {'x': 694, 'y': 538, 't': 2020}, {'x': 691, 'y': 537, 't': 2036}, {'x': 679, 'y': 534, 't': 2056}, {'x': 676, 'y': 533, 't': 2073}, {'x': 674, 'y': 533, 't': 2089}, {'x': 676, 'y': 533, 't': 2576}, {'x': 683, 'y': 532, 't': 2590}, {'x': 714, 'y': 529, 't': 2607}, {'x': 788, 'y': 519, 't': 2624}, {'x': 849, 'y': 519, 't': 2640}, {'x': 897, 'y': 519, 't': 2656}, {'x': 949, 'y': 519, 't': 2674}, {'x': 989, 'y': 519, 't': 2692}, {'x': 1016, 'y': 519, 't': 2708}, {'x': 1038, 'y': 519, 't': 2725}, {'x': 1052, 'y': 519, 't': 2741}, {'x': 1063, 'y': 519, 't': 2757}, {'x': 1073, 'y': 519, 't': 2775}, {'x': 1077, 'y': 519, 't': 2791}, {'x': 1082, 'y': 518, 't': 2807}, {'x': 1085, 'y': 517, 't': 2825}, {'x': 1087, 'y': 517, 't': 2842}, {'x': 1089, 'y': 517, 't': 2857}, {'x': 1091, 'y': 517, 't': 2874}, {'x': 1093, 'y': 517, 't': 2891}, {'x': 1097, 'y': 517, 't': 2908}, {'x': 1105, 'y': 519, 't': 2924}, {'x': 1121, 'y': 519, 't': 2942}, {'x': 1153, 'y': 519, 't': 2958}, {'x': 1169, 'y': 519, 't': 2976}, {'x': 1175, 'y': 519, 't': 2993}, {'x': 1181, 'y': 519, 't': 3008}, {'x': 1185, 'y': 519, 't': 3025}, {'x': 1189, 'y': 519, 't': 3041}, {'x': 1191, 'y': 519, 't': 3059}, {'x': 1195, 'y': 519, 't': 3075}, {'x': 1201, 'y': 519, 't': 3091}, {'x': 1210, 'y': 519, 't': 3109}, {'x': 1218, 'y': 519, 't': 3124}, {'x': 1227, 'y': 519, 't': 3142}, {'x': 1229, 'y': 519, 't': 3158}, {'x': 1231, 'y': 519, 't': 3175}, {'x': 1233, 'y': 519, 't': 3191}, {'x': 1234, 'y': 519, 't': 3258}]",1,"[{'x': 1234, 'y': 519}]",[71],[3407],281.85937601800435,98.55399044259204,excitement_20240304153110231703_graph.png
040324152934,contentment,20,Male,Student,Intermediate,fear,"<iframe width=""560"" height=""315"" src=""https://www.youtube.com/embed/gbWE47w2oLE?si=QUj_WuoXZ3nDE-N2&amp;controls=0"" title=""YouTube video player"" frameborder=""0"" allow=""accelerometer; autoplay; clipboard-write; encrypted-media; gyroscope; picture-in-picture; web-share"" allowfullscreen></iframe>",Yes,1825,amusement,"[{'x': 955, 'y': 637, 't': 447}, {'x': 966, 'y': 637, 't': 465}, {'x': 973, 'y': 637, 't': 481}, {'x': 977, 'y': 637, 't': 498}, {'x': 979, 'y': 637, 't': 514}, {'x': 981, 'y': 637, 't': 531}, {'x': 980, 'y': 637, 't': 681}, {'x': 956, 'y': 637, 't': 698}, {'x': 907, 'y': 622, 't': 714}, {'x': 854, 'y': 607, 't': 732}, {'x': 799, 'y': 585, 't': 748}, {'x': 752, 'y': 567, 't': 764}, {'x': 727, 'y': 555, 't': 782}, {'x': 722, 'y': 552, 't': 798}, {'x': 721, 'y': 552, 't': 950}, {'x': 715, 'y': 552, 't': 966}, {'x': 700, 'y': 550, 't': 983}, {'x': 689, 'y': 545, 't': 999}, {'x': 677, 'y': 545, 't': 1016}, {'x': 671, 'y': 543, 't': 1033}, {'x': 665, 'y': 543, 't': 1050}, {'x': 659, 'y': 543, 't': 1066}, {'x': 657, 'y': 541, 't': 1082}, {'x': 656, 'y': 540, 't': 1409}, {'x': 656, 'y': 538, 't': 1417}, {'x': 661, 'y': 534, 't': 1433}, {'x': 664, 'y': 532, 't': 1450}, {'x': 666, 'y': 531, 't': 1466}, {'x': 668, 'y': 529, 't': 1483}, {'x': 672, 'y': 527, 't': 1500}, {'x': 675, 'y': 524, 't': 1517}]",1,"[{'x': 675, 'y': 524}]",[95],[1824],216.45191049610236,165.44769721627367,fear_20240304153130369382_graph.png
040324153106,contentment,20,Male,Student,Intermediate,contentment,contentment_00007.jpg,Yes,12368,amusement,"[{'x': 939, 'y': 706, 't': 1041}, {'x': 867, 'y': 698, 't': 1058}, {'x': 789, 'y': 686, 't': 1075}, {'x': 701, 'y': 674, 't': 1092}, {'x': 631, 'y': 654, 't': 1108}, {'x': 585, 'y': 642, 't': 1124}, {'x': 573, 'y': 636, 't': 1142}, {'x': 571, 'y': 635, 't': 1158}, {'x': 569, 'y': 633, 't': 1175}, {'x': 568, 'y': 632, 't': 1191}, {'x': 550, 'y': 622, 't': 1208}, {'x': 515, 'y': 599, 't': 1225}, {'x': 479, 'y': 567, 't': 1241}, {'x': 449, 'y': 535, 't': 1259}, {'x': 435, 'y': 512, 't': 1275}, {'x': 423, 'y': 497, 't': 1292}, {'x': 419, 'y': 492, 't': 1308}, {'x': 418, 'y': 491, 't': 1325}, {'x': 418, 'y': 489, 't': 1335}, {'x': 418, 'y': 487, 't': 1352}, {'x': 420, 'y': 480, 't': 1377}, {'x': 434, 'y': 472, 't': 1394}, {'x': 451, 'y': 463, 't': 1411}, {'x': 471, 'y': 454, 't': 1428}, {'x': 488, 'y': 449, 't': 1444}, {'x': 512, 'y': 444, 't': 1461}, {'x': 531, 'y': 442, 't': 1477}, {'x': 557, 'y': 439, 't': 1495}, {'x': 584, 'y': 436, 't': 1511}, {'x': 607, 'y': 436, 't': 1528}, {'x': 632, 'y': 436, 't': 1544}, {'x': 645, 'y': 436, 't': 1561}, {'x': 654, 'y': 436, 't': 1578}, {'x': 666, 'y': 436, 't': 1594}, {'x': 683, 'y': 439, 't': 1611}, {'x': 692, 'y': 441, 't': 1628}, {'x': 705, 'y': 444, 't': 1644}, {'x': 717, 'y': 446, 't': 1661}, {'x': 732, 'y': 453, 't': 1678}, {'x': 752, 'y': 464, 't': 1694}, {'x': 775, 'y': 473, 't': 1711}, {'x': 789, 'y': 482, 't': 1727}, {'x': 792, 'y': 483, 't': 1744}, {'x': 792, 'y': 485, 't': 1801}, {'x': 792, 'y': 489, 't': 1811}, {'x': 792, 'y': 495, 't': 1827}, {'x': 792, 'y': 504, 't': 1845}, {'x': 792, 'y': 512, 't': 1861}, {'x': 792, 'y': 521, 't': 1878}, {'x': 792, 'y': 527, 't': 1894}, {'x': 792, 'y': 529, 't': 1911}, {'x': 792, 'y': 533, 't': 1928}, {'x': 792, 'y': 535, 't': 1944}, {'x': 792, 'y': 537, 't': 1962}, {'x': 792, 'y': 541, 't': 1978}, {'x': 792, 'y': 543, 't': 1994}, {'x': 792, 'y': 547, 't': 2011}, {'x': 792, 'y': 549, 't': 2028}, {'x': 792, 'y': 554, 't': 2045}, {'x': 792, 'y': 556, 't': 2061}, {'x': 792, 'y': 558, 't': 2078}, {'x': 792, 'y': 560, 't': 2095}, {'x': 791, 'y': 563, 't': 2111}, {'x': 790, 'y': 566, 't': 2145}, {'x': 786, 'y': 568, 't': 2161}, {'x': 776, 'y': 575, 't': 2178}, {'x': 764, 'y': 580, 't': 2195}, {'x': 745, 'y': 587, 't': 2211}, {'x': 719, 'y': 593, 't': 2228}, {'x': 701, 'y': 596, 't': 2245}, {'x': 691, 'y': 596, 't': 2261}, {'x': 685, 'y': 596, 't': 2278}, {'x': 681, 'y': 596, 't': 2295}, {'x': 677, 'y': 596, 't': 2311}, {'x': 664, 'y': 596, 't': 2328}, {'x': 647, 'y': 596, 't': 2345}, {'x': 634, 'y': 596, 't': 2361}, {'x': 624, 'y': 596, 't': 2378}, {'x': 618, 'y': 594, 't': 2394}, {'x': 616, 'y': 594, 't': 2412}, {'x': 613, 'y': 593, 't': 2465}, {'x': 613, 'y': 591, 't': 2495}, {'x': 613, 'y': 591, 't': 2681}, {'x': 615, 'y': 591, 't': 2695}, {'x': 617, 'y': 591, 't': 2729}, {'x': 621, 'y': 591, 't': 2745}, {'x': 625, 'y': 591, 't': 2762}, {'x': 629, 'y': 591, 't': 2778}, {'x': 631, 'y': 591, 't': 2795}, {'x': 633, 'y': 591, 't': 2829}, {'x': 635, 'y': 591, 't': 2846}, {'x': 637, 'y': 591, 't': 2862}, {'x': 639, 'y': 593, 't': 2879}, {'x': 641, 'y': 593, 't': 2896}, {'x': 647, 'y': 595, 't': 2912}, {'x': 655, 'y': 597, 't': 2945}, {'x': 657, 'y': 597, 't': 2962}, {'x': 661, 'y': 599, 't': 2979}, {'x': 663, 'y': 599, 't': 2995}, {'x': 665, 'y': 599, 't': 3012}, {'x': 667, 'y': 599, 't': 3029}, {'x': 668, 'y': 600, 't': 3046}, {'x': 669, 'y': 601, 't': 3062}, {'x': 671, 'y': 601, 't': 3096}, {'x': 673, 'y': 601, 't': 3112}, {'x': 674, 'y': 600, 't': 3440}, {'x': 669, 'y': 591, 't': 3462}, {'x': 667, 'y': 585, 't': 3479}, {'x': 663, 'y': 576, 't': 3495}, {'x': 654, 'y': 556, 't': 3512}, {'x': 647, 'y': 543, 't': 3529}, {'x': 645, 'y': 537, 't': 3545}, {'x': 643, 'y': 533, 't': 3562}, {'x': 643, 'y': 531, 't': 3578}, {'x': 643, 'y': 529, 't': 3599}, {'x': 641, 'y': 525, 't': 3623}, {'x': 639, 'y': 521, 't': 3640}, {'x': 639, 'y': 519, 't': 3666}, {'x': 637, 'y': 517, 't': 3700}, {'x': 641, 'y': 517, 't': 4528}, {'x': 651, 'y': 517, 't': 4549}, {'x': 658, 'y': 517, 't': 4567}, {'x': 662, 'y': 517, 't': 4583}, {'x': 664, 'y': 513, 't': 5064}, {'x': 664, 'y': 514, 't': 5144}, {'x': 665, 'y': 514, 't': 8033}, {'x': 665, 'y': 514, 't': 9601}, {'x': 719, 'y': 514, 't': 9620}, {'x': 815, 'y': 514, 't': 9636}, {'x': 907, 'y': 514, 't': 9653}, {'x': 1003, 'y': 514, 't': 9669}, {'x': 1095, 'y': 514, 't': 9686}, {'x': 1177, 'y': 510, 't': 9702}, {'x': 1245, 'y': 510, 't': 9718}, {'x': 1297, 'y': 506, 't': 9735}, {'x': 1327, 'y': 502, 't': 9744}, {'x': 1348, 'y': 502, 't': 9761}, {'x': 1385, 'y': 498, 't': 9777}, {'x': 1419, 'y': 491, 't': 9795}, {'x': 1438, 'y': 488, 't': 9811}, {'x': 1447, 'y': 485, 't': 9827}, {'x': 1451, 'y': 483, 't': 9844}, {'x': 1455, 'y': 483, 't': 9861}, {'x': 1461, 'y': 481, 't': 9877}, {'x': 1479, 'y': 477, 't': 9894}, {'x': 1513, 'y': 472, 't': 9911}, {'x': 1534, 'y': 467, 't': 9928}, {'x': 1530, 'y': 468, 't': 10137}, {'x': 1520, 'y': 471, 't': 10161}, {'x': 1511, 'y': 475, 't': 10178}, {'x': 1495, 'y': 478, 't': 10195}, {'x': 1478, 'y': 484, 't': 10211}, {'x': 1458, 'y': 491, 't': 10228}, {'x': 1438, 'y': 502, 't': 10244}, {'x': 1415, 'y': 508, 't': 10261}, {'x': 1394, 'y': 515, 't': 10278}, {'x': 1362, 'y': 522, 't': 10294}, {'x': 1336, 'y': 525, 't': 10305}, {'x': 1312, 'y': 528, 't': 10323}, {'x': 1295, 'y': 531, 't': 10339}, {'x': 1281, 'y': 537, 't': 10357}, {'x': 1276, 'y': 537, 't': 10366}, {'x': 1272, 'y': 539, 't': 10383}, {'x': 1268, 'y': 541, 't': 10399}, {'x': 1258, 'y': 545, 't': 10416}, {'x': 1251, 'y': 547, 't': 10432}, {'x': 1247, 'y': 547, 't': 10450}, {'x': 1243, 'y': 547, 't': 10466}, {'x': 1240, 'y': 548, 't': 10483}, {'x': 1239, 'y': 549, 't': 10499}, {'x': 1238, 'y': 549, 't': 10566}, {'x': 1236, 'y': 549, 't': 10583}, {'x': 1234, 'y': 549, 't': 10599}, {'x': 1233, 'y': 547, 't': 10697}, {'x': 1237, 'y': 543, 't': 10716}, {'x': 1244, 'y': 534, 't': 10732}, {'x': 1249, 'y': 523, 't': 10748}, {'x': 1256, 'y': 512, 't': 10765}, {'x': 1257, 'y': 511, 't': 10782}, {'x': 1259, 'y': 509, 't': 10790}, {'x': 1259, 'y': 507, 't': 10824}, {'x': 1259, 'y': 506, 't': 10867}, {'x': 1252, 'y': 511, 't': 11067}, {'x': 1224, 'y': 528, 't': 11084}, {'x': 1164, 'y': 546, 't': 11100}, {'x': 1074, 'y': 560, 't': 11117}, {'x': 956, 'y': 572, 't': 11134}, {'x': 836, 'y': 576, 't': 11150}, {'x': 716, 'y': 576, 't': 11175}, {'x': 672, 'y': 576, 't': 11191}, {'x': 655, 'y': 576, 't': 11201}, {'x': 648, 'y': 576, 't': 11218}, {'x': 639, 'y': 579, 't': 11235}, {'x': 633, 'y': 579, 't': 11252}, {'x': 620, 'y': 581, 't': 11268}, {'x': 618, 'y': 581, 't': 11286}, {'x': 616, 'y': 581, 't': 11302}, {'x': 615, 'y': 575, 't': 11402}, {'x': 630, 'y': 545, 't': 11419}, {'x': 639, 'y': 527, 't': 11435}, {'x': 642, 'y': 519, 't': 11452}, {'x': 646, 'y': 514, 't': 11469}, {'x': 648, 'y': 510, 't': 11486}, {'x': 650, 'y': 504, 't': 11510}, {'x': 652, 'y': 500, 't': 11526}, {'x': 652, 'y': 501, 't': 11969}, {'x': 649, 'y': 508, 't': 11985}, {'x': 648, 'y': 511, 't': 12003}, {'x': 648, 'y': 514, 't': 12019}, {'x': 648, 'y': 515, 't': 12043}]",2,"[{'x': 652, 'y': 500}, {'x': 648, 'y': 515}]","[88, 88]","[11760, 12368]",278.5377664502021,28.14386508393207,contentment_20240304153143432229_graph.png
040324152934,contentment,20,Male,Student,Intermediate,awe,awe_00003.jpg,No,2472,anger,"[{'x': 967, 'y': 699, 't': 712}, {'x': 962, 'y': 693, 't': 728}, {'x': 957, 'y': 685, 't': 745}, {'x': 948, 'y': 678, 't': 762}, {'x': 941, 'y': 673, 't': 778}, {'x': 934, 'y': 670, 't': 795}, {'x': 930, 'y': 666, 't': 812}, {'x': 928, 'y': 664, 't': 862}, {'x': 927, 'y': 663, 't': 879}, {'x': 931, 'y': 656, 't': 895}, {'x': 938, 'y': 652, 't': 911}, {'x': 948, 'y': 648, 't': 928}, {'x': 966, 'y': 640, 't': 944}, {'x': 992, 'y': 629, 't': 961}, {'x': 1016, 'y': 622, 't': 978}, {'x': 1034, 'y': 616, 't': 995}, {'x': 1044, 'y': 612, 't': 1011}, {'x': 1049, 'y': 612, 't': 1029}, {'x': 1059, 'y': 608, 't': 1045}, {'x': 1068, 'y': 605, 't': 1061}, {'x': 1077, 'y': 603, 't': 1078}, {'x': 1085, 'y': 601, 't': 1095}, {'x': 1089, 'y': 599, 't': 1112}, {'x': 1093, 'y': 597, 't': 1129}, {'x': 1097, 'y': 595, 't': 1145}, {'x': 1101, 'y': 595, 't': 1162}, {'x': 1103, 'y': 593, 't': 1178}, {'x': 1107, 'y': 591, 't': 1195}, {'x': 1111, 'y': 591, 't': 1212}, {'x': 1113, 'y': 589, 't': 1229}, {'x': 1117, 'y': 587, 't': 1245}, {'x': 1120, 'y': 586, 't': 1262}, {'x': 1121, 'y': 585, 't': 1278}, {'x': 1125, 'y': 583, 't': 1296}, {'x': 1127, 'y': 583, 't': 1400}, {'x': 1132, 'y': 582, 't': 1411}, {'x': 1139, 'y': 579, 't': 1429}, {'x': 1143, 'y': 579, 't': 1446}, {'x': 1144, 'y': 578, 't': 1504}, {'x': 1145, 'y': 577, 't': 1546}, {'x': 1149, 'y': 575, 't': 1562}, {'x': 1153, 'y': 573, 't': 1579}, {'x': 1155, 'y': 573, 't': 1595}, {'x': 1159, 'y': 571, 't': 1612}, {'x': 1163, 'y': 569, 't': 1629}, {'x': 1168, 'y': 567, 't': 1645}, {'x': 1178, 'y': 563, 't': 1663}, {'x': 1186, 'y': 561, 't': 1679}, {'x': 1196, 'y': 556, 't': 1695}, {'x': 1215, 'y': 546, 't': 1712}, {'x': 1225, 'y': 543, 't': 1729}, {'x': 1230, 'y': 540, 't': 1746}, {'x': 1234, 'y': 540, 't': 1762}, {'x': 1236, 'y': 538, 't': 1779}, {'x': 1240, 'y': 536, 't': 1796}, {'x': 1245, 'y': 535, 't': 1815}, {'x': 1249, 'y': 533, 't': 1832}, {'x': 1251, 'y': 532, 't': 1847}, {'x': 1256, 'y': 530, 't': 1864}, {'x': 1263, 'y': 526, 't': 1880}, {'x': 1268, 'y': 524, 't': 1897}, {'x': 1273, 'y': 522, 't': 1914}, {'x': 1277, 'y': 521, 't': 1930}, {'x': 1278, 'y': 520, 't': 1948}, {'x': 1279, 'y': 519, 't': 1964}]",1,"[{'x': 1279, 'y': 519}]",[127],[2471],178.46013435198756,145.71195164857897,awe_20240304153152697202_graph.png
040324152934,contentment,20,Male,Student,Intermediate,awe,awe_00003.jpg,No,2472,anger,"[{'x': 967, 'y': 699, 't': 712}, {'x': 962, 'y': 693, 't': 728}, {'x': 957, 'y': 685, 't': 745}, {'x': 948, 'y': 678, 't': 762}, {'x': 941, 'y': 673, 't': 778}, {'x': 934, 'y': 670, 't': 795}, {'x': 930, 'y': 666, 't': 812}, {'x': 928, 'y': 664, 't': 862}, {'x': 927, 'y': 663, 't': 879}, {'x': 931, 'y': 656, 't': 895}, {'x': 938, 'y': 652, 't': 911}, {'x': 948, 'y': 648, 't': 928}, {'x': 966, 'y': 640, 't': 944}, {'x': 992, 'y': 629, 't': 961}, {'x': 1016, 'y': 622, 't': 978}, {'x': 1034, 'y': 616, 't': 995}, {'x': 1044, 'y': 612, 't': 1011}, {'x': 1049, 'y': 612, 't': 1029}, {'x': 1059, 'y': 608, 't': 1045}, {'x': 1068, 'y': 605, 't': 1061}, {'x': 1077, 'y': 603, 't': 1078}, {'x': 1085, 'y': 601, 't': 1095}, {'x': 1089, 'y': 599, 't': 1112}, {'x': 1093, 'y': 597, 't': 1129}, {'x': 1097, 'y': 595, 't': 1145}, {'x': 1101, 'y': 595, 't': 1162}, {'x': 1103, 'y': 593, 't': 1178}, {'x': 1107, 'y': 591, 't': 1195}, {'x': 1111, 'y': 591, 't': 1212}, {'x': 1113, 'y': 589, 't': 1229}, {'x': 1117, 'y': 587, 't': 1245}, {'x': 1120, 'y': 586, 't': 1262}, {'x': 1121, 'y': 585, 't': 1278}, {'x': 1125, 'y': 583, 't': 1296}, {'x': 1127, 'y': 583, 't': 1400}, {'x': 1132, 'y': 582, 't': 1411}, {'x': 1139, 'y': 579, 't': 1429}, {'x': 1143, 'y': 579, 't': 1446}, {'x': 1144, 'y': 578, 't': 1504}, {'x': 1145, 'y': 577, 't': 1546}, {'x': 1149, 'y': 575, 't': 1562}, {'x': 1153, 'y': 573, 't': 1579}, {'x': 1155, 'y': 573, 't': 1595}, {'x': 1159, 'y': 571, 't': 1612}, {'x': 1163, 'y': 569, 't': 1629}, {'x': 1168, 'y': 567, 't': 1645}, {'x': 1178, 'y': 563, 't': 1663}, {'x': 1186, 'y': 561, 't': 1679}, {'x': 1196, 'y': 556, 't': 1695}, {'x': 1215, 'y': 546, 't': 1712}, {'x': 1225, 'y': 543, 't': 1729}, {'x': 1230, 'y': 540, 't': 1746}, {'x': 1234, 'y': 540, 't': 1762}, {'x': 1236, 'y': 538, 't': 1779}, {'x': 1240, 'y': 536, 't': 1796}, {'x': 1245, 'y': 535, 't': 1815}, {'x': 1249, 'y': 533, 't': 1832}, {'x': 1251, 'y': 532, 't': 1847}, {'x': 1256, 'y': 530, 't': 1864}, {'x': 1263, 'y': 526, 't': 1880}, {'x': 1268, 'y': 524, 't': 1897}, {'x': 1273, 'y': 522, 't': 1914}, {'x': 1277, 'y': 521, 't': 1930}, {'x': 1278, 'y': 520, 't': 1948}, {'x': 1279, 'y': 519, 't': 1964}]",1,"[{'x': 1279, 'y': 519}]",[127],[2471],178.46013435198756,145.71195164857897,awe_20240304153152712414_graph.png
040324153106,contentment,20,Male,Student,Intermediate,amusement,amusement_00007.jpg,Yes,8272,amusement,"[{'x': 934, 'y': 700, 't': 4217}, {'x': 932, 'y': 702, 't': 4237}, {'x': 930, 'y': 706, 't': 4253}, {'x': 928, 'y': 708, 't': 4270}, {'x': 927, 'y': 709, 't': 4303}, {'x': 926, 'y': 710, 't': 4319}, {'x': 924, 'y': 712, 't': 4353}, {'x': 923, 'y': 708, 't': 4832}, {'x': 923, 'y': 700, 't': 4853}, {'x': 923, 'y': 691, 't': 4870}, {'x': 923, 'y': 687, 't': 4887}, {'x': 923, 'y': 681, 't': 4903}, {'x': 923, 'y': 679, 't': 4920}, {'x': 923, 'y': 673, 't': 4936}, {'x': 923, 'y': 667, 't': 4953}, {'x': 923, 'y': 661, 't': 4970}, {'x': 923, 'y': 649, 't': 4986}, {'x': 923, 'y': 636, 't': 5003}, {'x': 923, 'y': 620, 't': 5020}, {'x': 923, 'y': 613, 't': 5037}, {'x': 921, 'y': 604, 't': 5053}, {'x': 921, 'y': 592, 't': 5070}, {'x': 918, 'y': 585, 't': 5086}, {'x': 916, 'y': 579, 't': 5104}, {'x': 912, 'y': 570, 't': 5120}, {'x': 907, 'y': 563, 't': 5136}, {'x': 904, 'y': 559, 't': 5154}, {'x': 900, 'y': 556, 't': 5170}, {'x': 896, 'y': 555, 't': 5187}, {'x': 895, 'y': 554, 't': 5204}, {'x': 892, 'y': 553, 't': 5220}, {'x': 887, 'y': 552, 't': 5254}, {'x': 883, 'y': 550, 't': 5270}, {'x': 877, 'y': 548, 't': 5287}, {'x': 873, 'y': 548, 't': 5303}, {'x': 866, 'y': 548, 't': 5320}, {'x': 864, 'y': 548, 't': 5337}, {'x': 860, 'y': 548, 't': 5353}, {'x': 858, 'y': 548, 't': 5371}, {'x': 856, 'y': 548, 't': 5387}, {'x': 854, 'y': 548, 't': 5404}, {'x': 852, 'y': 548, 't': 5420}, {'x': 850, 'y': 548, 't': 5437}, {'x': 849, 'y': 548, 't': 5520}, {'x': 848, 'y': 549, 't': 6504}, {'x': 841, 'y': 568, 't': 6521}, {'x': 834, 'y': 583, 't': 6537}, {'x': 831, 'y': 601, 't': 6555}, {'x': 825, 'y': 621, 't': 6571}, {'x': 819, 'y': 644, 't': 6587}, {'x': 813, 'y': 662, 't': 6604}, {'x': 813, 'y': 675, 't': 6621}, {'x': 811, 'y': 684, 't': 6638}, {'x': 811, 'y': 690, 't': 6654}, {'x': 811, 'y': 692, 't': 6688}, {'x': 810, 'y': 693, 't': 7224}, {'x': 803, 'y': 688, 't': 7254}, {'x': 784, 'y': 662, 't': 7272}, {'x': 728, 'y': 618, 't': 7288}, {'x': 690, 'y': 584, 't': 7304}, {'x': 659, 'y': 556, 't': 7321}, {'x': 645, 'y': 547, 't': 7339}, {'x': 638, 'y': 540, 't': 7355}, {'x': 637, 'y': 535, 't': 7372}, {'x': 636, 'y': 534, 't': 7405}, {'x': 635, 'y': 533, 't': 7427}, {'x': 634, 'y': 532, 't': 7469}, {'x': 633, 'y': 529, 't': 7486}, {'x': 630, 'y': 527, 't': 7503}, {'x': 629, 'y': 521, 't': 7520}, {'x': 628, 'y': 520, 't': 7536}, {'x': 627, 'y': 518, 't': 7570}]",1,"[{'x': 627, 'y': 518}]",[48],[8272],77.37046722246507,43.144770496839655,amusement_20240304153216359439_graph.png
040324152934,contentment,20,Male,Student,Intermediate,awe,awe_00003.jpg,No,2472,anger,"[{'x': 967, 'y': 699, 't': 712}, {'x': 962, 'y': 693, 't': 728}, {'x': 957, 'y': 685, 't': 745}, {'x': 948, 'y': 678, 't': 762}, {'x': 941, 'y': 673, 't': 778}, {'x': 934, 'y': 670, 't': 795}, {'x': 930, 'y': 666, 't': 812}, {'x': 928, 'y': 664, 't': 862}, {'x': 927, 'y': 663, 't': 879}, {'x': 931, 'y': 656, 't': 895}, {'x': 938, 'y': 652, 't': 911}, {'x': 948, 'y': 648, 't': 928}, {'x': 966, 'y': 640, 't': 944}, {'x': 992, 'y': 629, 't': 961}, {'x': 1016, 'y': 622, 't': 978}, {'x': 1034, 'y': 616, 't': 995}, {'x': 1044, 'y': 612, 't': 1011}, {'x': 1049, 'y': 612, 't': 1029}, {'x': 1059, 'y': 608, 't': 1045}, {'x': 1068, 'y': 605, 't': 1061}, {'x': 1077, 'y': 603, 't': 1078}, {'x': 1085, 'y': 601, 't': 1095}, {'x': 1089, 'y': 599, 't': 1112}, {'x': 1093, 'y': 597, 't': 1129}, {'x': 1097, 'y': 595, 't': 1145}, {'x': 1101, 'y': 595, 't': 1162}, {'x': 1103, 'y': 593, 't': 1178}, {'x': 1107, 'y': 591, 't': 1195}, {'x': 1111, 'y': 591, 't': 1212}, {'x': 1113, 'y': 589, 't': 1229}, {'x': 1117, 'y': 587, 't': 1245}, {'x': 1120, 'y': 586, 't': 1262}, {'x': 1121, 'y': 585, 't': 1278}, {'x': 1125, 'y': 583, 't': 1296}, {'x': 1127, 'y': 583, 't': 1400}, {'x': 1132, 'y': 582, 't': 1411}, {'x': 1139, 'y': 579, 't': 1429}, {'x': 1143, 'y': 579, 't': 1446}, {'x': 1144, 'y': 578, 't': 1504}, {'x': 1145, 'y': 577, 't': 1546}, {'x': 1149, 'y': 575, 't': 1562}, {'x': 1153, 'y': 573, 't': 1579}, {'x': 1155, 'y': 573, 't': 1595}, {'x': 1159, 'y': 571, 't': 1612}, {'x': 1163, 'y': 569, 't': 1629}, {'x': 1168, 'y': 567, 't': 1645}, {'x': 1178, 'y': 563, 't': 1663}, {'x': 1186, 'y': 561, 't': 1679}, {'x': 1196, 'y': 556, 't': 1695}, {'x': 1215, 'y': 546, 't': 1712}, {'x': 1225, 'y': 543, 't': 1729}, {'x': 1230, 'y': 540, 't': 1746}, {'x': 1234, 'y': 540, 't': 1762}, {'x': 1236, 'y': 538, 't': 1779}, {'x': 1240, 'y': 536, 't': 1796}, {'x': 1245, 'y': 535, 't': 1815}, {'x': 1249, 'y': 533, 't': 1832}, {'x': 1251, 'y': 532, 't': 1847}, {'x': 1256, 'y': 530, 't': 1864}, {'x': 1263, 'y': 526, 't': 1880}, {'x': 1268, 'y': 524, 't': 1897}, {'x': 1273, 'y': 522, 't': 1914}, {'x': 1277, 'y': 521, 't': 1930}, {'x': 1278, 'y': 520, 't': 1948}, {'x': 1279, 'y': 519, 't': 1964}]",1,"[{'x': 1279, 'y': 519}]",[127],[2471],178.46013435198756,145.71195164857897,awe_20240304153216415660_graph.png
040324152934,contentment,20,Male,Student,Intermediate,contentment,contentment_00001.jpg,Yes,1319,awe,"[{'x': 929, 'y': 697, 't': 468}, {'x': 882, 'y': 682, 't': 483}, {'x': 814, 'y': 659, 't': 500}, {'x': 744, 'y': 639, 't': 516}, {'x': 682, 'y': 618, 't': 533}, {'x': 658, 'y': 615, 't': 549}, {'x': 656, 'y': 615, 't': 567}, {'x': 658, 'y': 615, 't': 616}, {'x': 658, 'y': 614, 't': 718}, {'x': 654, 'y': 606, 't': 734}, {'x': 644, 'y': 590, 't': 751}, {'x': 640, 'y': 584, 't': 767}, {'x': 639, 'y': 576, 't': 784}, {'x': 639, 'y': 569, 't': 801}, {'x': 639, 'y': 565, 't': 817}, {'x': 639, 'y': 561, 't': 834}, {'x': 639, 'y': 557, 't': 850}, {'x': 639, 'y': 553, 't': 867}, {'x': 639, 'y': 547, 't': 884}, {'x': 639, 'y': 539, 't': 900}, {'x': 639, 'y': 537, 't': 917}, {'x': 639, 'y': 535, 't': 934}, {'x': 639, 'y': 529, 't': 1000}, {'x': 639, 'y': 527, 't': 1017}]",1,"[{'x': 639, 'y': 527}]",[88],[1319],288.5923904175897,254.85574395711316,contentment_20240304153233354981_graph.png
040324153106,contentment,20,Male,Student,Intermediate,contentment,contentment_00006.jpg,Yes,2976,contentment,"[{'x': 982, 'y': 707, 't': 717}, {'x': 888, 'y': 635, 't': 734}, {'x': 786, 'y': 545, 't': 751}, {'x': 698, 'y': 481, 't': 767}, {'x': 635, 'y': 415, 't': 785}, {'x': 635, 'y': 403, 't': 801}, {'x': 645, 'y': 388, 't': 818}, {'x': 653, 'y': 379, 't': 835}, {'x': 653, 'y': 375, 't': 851}, {'x': 653, 'y': 371, 't': 868}, {'x': 653, 'y': 369, 't': 885}, {'x': 653, 'y': 367, 't': 900}, {'x': 653, 'y': 365, 't': 917}, {'x': 653, 'y': 363, 't': 950}, {'x': 650, 'y': 366, 't': 1050}, {'x': 645, 'y': 381, 't': 1068}, {'x': 645, 'y': 401, 't': 1084}, {'x': 645, 'y': 423, 't': 1100}, {'x': 647, 'y': 440, 't': 1117}, {'x': 650, 'y': 454, 't': 1134}, {'x': 653, 'y': 461, 't': 1151}, {'x': 653, 'y': 467, 't': 1167}, {'x': 653, 'y': 473, 't': 1184}, {'x': 653, 'y': 485, 't': 1201}, {'x': 653, 'y': 496, 't': 1217}, {'x': 653, 'y': 508, 't': 1234}, {'x': 650, 'y': 521, 't': 1250}, {'x': 650, 'y': 533, 't': 1268}, {'x': 650, 'y': 542, 't': 1284}, {'x': 650, 'y': 547, 't': 1294}, {'x': 650, 'y': 549, 't': 1311}, {'x': 648, 'y': 554, 't': 1327}, {'x': 648, 'y': 555, 't': 1337}, {'x': 648, 'y': 557, 't': 1353}, {'x': 648, 'y': 559, 't': 1370}, {'x': 649, 'y': 559, 't': 1560}, {'x': 652, 'y': 559, 't': 1570}, {'x': 658, 'y': 552, 't': 1587}, {'x': 663, 'y': 547, 't': 1603}, {'x': 667, 'y': 543, 't': 1620}, {'x': 669, 'y': 541, 't': 1761}, {'x': 671, 'y': 537, 't': 1771}, {'x': 678, 'y': 530, 't': 1787}, {'x': 680, 'y': 526, 't': 1804}, {'x': 682, 'y': 522, 't': 1829}, {'x': 682, 'y': 516, 't': 1845}, {'x': 684, 'y': 512, 't': 1862}, {'x': 686, 'y': 508, 't': 1870}, {'x': 688, 'y': 506, 't': 1887}, {'x': 692, 'y': 502, 't': 1904}, {'x': 694, 'y': 500, 't': 1922}, {'x': 694, 'y': 498, 't': 1954}, {'x': 695, 'y': 497, 't': 1971}, {'x': 693, 'y': 497, 't': 2417}, {'x': 686, 'y': 497, 't': 2439}, {'x': 679, 'y': 499, 't': 2455}, {'x': 675, 'y': 501, 't': 2471}, {'x': 671, 'y': 503, 't': 2489}, {'x': 667, 'y': 505, 't': 2506}, {'x': 665, 'y': 507, 't': 2539}, {'x': 658, 'y': 508, 't': 2641}, {'x': 657, 'y': 509, 't': 2674}, {'x': 653, 'y': 511, 't': 2690}, {'x': 647, 'y': 513, 't': 2707}, {'x': 638, 'y': 518, 't': 2724}, {'x': 633, 'y': 521, 't': 2740}, {'x': 632, 'y': 522, 't': 2757}]",2,"[{'x': 695, 'y': 497}, {'x': 632, 'y': 522}]","[64, 80]","[2096, 2976]",290.1550540425424,133.0259019947417,contentment_20240304153238380483_graph.png
040324152934,contentment,20,Male,Student,Intermediate,disgust,"<iframe width=""560"" height=""315"" src=""https://www.youtube.com/embed/yekWI59YWTg?si=rFBYReNokzbpMk9K&amp;controls=0"" title=""YouTube video player"" frameborder=""0"" allow=""accelerometer; autoplay; clipboard-write; encrypted-media; gyroscope; picture-in-picture; web-share"" allowfullscreen></iframe>",Yes,1663,disgust,"[{'x': 891, 'y': 645, 't': 784}, {'x': 871, 'y': 643, 't': 800}, {'x': 844, 'y': 640, 't': 817}, {'x': 814, 'y': 634, 't': 834}, {'x': 771, 'y': 621, 't': 850}, {'x': 734, 'y': 609, 't': 867}, {'x': 705, 'y': 595, 't': 884}, {'x': 683, 'y': 585, 't': 901}, {'x': 668, 'y': 576, 't': 916}, {'x': 663, 'y': 573, 't': 933}, {'x': 655, 'y': 571, 't': 950}, {'x': 636, 'y': 563, 't': 967}, {'x': 592, 'y': 543, 't': 983}, {'x': 571, 'y': 531, 't': 1000}, {'x': 569, 'y': 524, 't': 1017}, {'x': 569, 'y': 520, 't': 1034}, {'x': 571, 'y': 514, 't': 1051}, {'x': 573, 'y': 512, 't': 1067}, {'x': 574, 'y': 511, 't': 1084}, {'x': 578, 'y': 511, 't': 1133}, {'x': 586, 'y': 509, 't': 1150}, {'x': 600, 'y': 507, 't': 1167}, {'x': 607, 'y': 506, 't': 1183}, {'x': 609, 'y': 505, 't': 1200}, {'x': 614, 'y': 508, 't': 1366}, {'x': 620, 'y': 508, 't': 1383}, {'x': 621, 'y': 509, 't': 1633}]",1,"[{'x': 620, 'y': 508}]",[103],[1662],248.67138529516552,181.7905674517274,disgust_20240304153250254712_graph.png
040324152934,contentment,20,Male,Student,Intermediate,fear,"<iframe width=""560"" height=""315"" src=""https://www.youtube.com/embed/gbWE47w2oLE?si=QUj_WuoXZ3nDE-N2&amp;controls=0"" title=""YouTube video player"" frameborder=""0"" allow=""accelerometer; autoplay; clipboard-write; encrypted-media; gyroscope; picture-in-picture; web-share"" allowfullscreen></iframe>",Yes,1976,contentment,"[{'x': 935, 'y': 652, 't': 423}, {'x': 941, 'y': 652, 't': 440}, {'x': 944, 'y': 651, 't': 457}, {'x': 946, 'y': 648, 't': 473}, {'x': 946, 'y': 647, 't': 490}, {'x': 946, 'y': 645, 't': 507}, {'x': 946, 'y': 643, 't': 524}, {'x': 946, 'y': 641, 't': 540}, {'x': 943, 'y': 636, 't': 573}, {'x': 937, 'y': 632, 't': 590}, {'x': 925, 'y': 628, 't': 607}, {'x': 862, 'y': 603, 't': 623}, {'x': 801, 'y': 576, 't': 640}, {'x': 757, 'y': 562, 't': 657}, {'x': 745, 'y': 555, 't': 673}, {'x': 743, 'y': 555, 't': 757}, {'x': 741, 'y': 555, 't': 774}, {'x': 740, 'y': 554, 't': 824}, {'x': 740, 'y': 554, 't': 890}, {'x': 738, 'y': 552, 't': 907}, {'x': 731, 'y': 551, 't': 923}, {'x': 726, 'y': 550, 't': 940}, {'x': 722, 'y': 548, 't': 957}, {'x': 720, 'y': 548, 't': 1006}, {'x': 714, 'y': 546, 't': 1023}, {'x': 710, 'y': 546, 't': 1040}, {'x': 709, 'y': 545, 't': 1056}, {'x': 709, 'y': 543, 't': 1136}, {'x': 709, 'y': 542, 't': 1190}, {'x': 710, 'y': 541, 't': 1225}, {'x': 710, 'y': 540, 't': 1242}, {'x': 712, 'y': 537, 't': 1258}, {'x': 713, 'y': 535, 't': 1291}, {'x': 714, 'y': 534, 't': 1308}, {'x': 714, 'y': 534, 't': 1568}, {'x': 704, 'y': 531, 't': 1577}, {'x': 669, 'y': 520, 't': 1594}, {'x': 644, 'y': 520, 't': 1610}, {'x': 641, 'y': 518, 't': 1626}]",1,"[{'x': 641, 'y': 518}]",[88],[1975],185.74888984514342,163.51088486927657,fear_20240304153308061426_graph.png
040324153106,contentment,20,Male,Student,Intermediate,excitement,excitement_00003.jpg,Yes,3208,amusement,"[{'x': 948, 'y': 671, 't': 700}, {'x': 912, 'y': 623, 't': 716}, {'x': 888, 'y': 592, 't': 733}, {'x': 868, 'y': 564, 't': 750}, {'x': 849, 'y': 543, 't': 766}, {'x': 840, 'y': 538, 't': 783}, {'x': 819, 'y': 528, 't': 800}, {'x': 810, 'y': 525, 't': 816}, {'x': 771, 'y': 512, 't': 833}, {'x': 732, 'y': 508, 't': 850}, {'x': 693, 'y': 508, 't': 865}, {'x': 669, 'y': 508, 't': 883}, {'x': 665, 'y': 508, 't': 899}, {'x': 662, 'y': 509, 't': 916}, {'x': 661, 'y': 510, 't': 933}, {'x': 654, 'y': 513, 't': 950}, {'x': 647, 'y': 516, 't': 966}, {'x': 637, 'y': 521, 't': 983}, {'x': 622, 'y': 528, 't': 1001}, {'x': 618, 'y': 532, 't': 1017}, {'x': 616, 'y': 534, 't': 1049}, {'x': 615, 'y': 535, 't': 1100}, {'x': 616, 'y': 536, 't': 1569}, {'x': 620, 'y': 534, 't': 1582}, {'x': 625, 'y': 531, 't': 1599}, {'x': 627, 'y': 529, 't': 1615}, {'x': 632, 'y': 528, 't': 1633}, {'x': 634, 'y': 526, 't': 1649}, {'x': 636, 'y': 524, 't': 1666}, {'x': 643, 'y': 524, 't': 2592}, {'x': 652, 'y': 524, 't': 2600}, {'x': 671, 'y': 524, 't': 2617}, {'x': 675, 'y': 524, 't': 2633}]",1,"[{'x': 675, 'y': 524}]",[72],[3208],147.7655823065515,96.65252003269994,excitement_20240304153322803413_graph.png
040324153106,contentment,20,Male,Student,Intermediate,sadness,"<iframe width=""560"" height=""315"" src=""https://www.youtube.com/embed/IpNG4ohSUkI?si=Auz1TNKwXXKYEDys&amp;controls=0"" title=""YouTube video player"" frameborder=""0"" allow=""accelerometer; autoplay; clipboard-write; encrypted-media; gyroscope; picture-in-picture; web-share"" allowfullscreen></iframe>",Yes,1753,sadness,"[{'x': 973, 'y': 634, 't': 229}, {'x': 970, 'y': 635, 't': 246}, {'x': 968, 'y': 639, 't': 262}, {'x': 965, 'y': 642, 't': 279}, {'x': 960, 'y': 647, 't': 297}, {'x': 956, 'y': 649, 't': 312}, {'x': 954, 'y': 651, 't': 329}, {'x': 952, 'y': 653, 't': 347}, {'x': 949, 'y': 656, 't': 362}, {'x': 943, 'y': 658, 't': 380}, {'x': 937, 'y': 663, 't': 397}, {'x': 934, 'y': 664, 't': 413}, {'x': 933, 'y': 665, 't': 430}, {'x': 932, 'y': 666, 't': 445}, {'x': 931, 'y': 667, 't': 462}, {'x': 927, 'y': 667, 't': 479}, {'x': 925, 'y': 667, 't': 495}, {'x': 921, 'y': 669, 't': 512}, {'x': 919, 'y': 669, 't': 546}, {'x': 917, 'y': 669, 't': 562}, {'x': 910, 'y': 669, 't': 579}, {'x': 902, 'y': 666, 't': 595}, {'x': 888, 'y': 665, 't': 612}, {'x': 857, 'y': 656, 't': 628}, {'x': 811, 'y': 645, 't': 645}, {'x': 767, 'y': 629, 't': 662}, {'x': 715, 'y': 613, 't': 678}, {'x': 671, 'y': 602, 't': 696}, {'x': 663, 'y': 599, 't': 712}, {'x': 657, 'y': 597, 't': 729}, {'x': 651, 'y': 597, 't': 746}, {'x': 647, 'y': 595, 't': 763}, {'x': 645, 'y': 595, 't': 778}, {'x': 643, 'y': 593, 't': 796}, {'x': 641, 'y': 591, 't': 812}, {'x': 639, 'y': 591, 't': 827}, {'x': 637, 'y': 589, 't': 845}, {'x': 635, 'y': 587, 't': 862}, {'x': 634, 'y': 584, 't': 896}, {'x': 634, 'y': 580, 't': 911}, {'x': 632, 'y': 572, 't': 928}, {'x': 630, 'y': 566, 't': 945}, {'x': 628, 'y': 562, 't': 961}, {'x': 628, 'y': 558, 't': 978}, {'x': 628, 'y': 552, 't': 995}, {'x': 628, 'y': 548, 't': 1011}, {'x': 628, 'y': 544, 't': 1027}, {'x': 628, 'y': 540, 't': 1046}, {'x': 628, 'y': 538, 't': 1062}, {'x': 628, 'y': 536, 't': 1077}, {'x': 628, 'y': 530, 't': 1095}, {'x': 628, 'y': 523, 't': 1111}, {'x': 628, 'y': 520, 't': 1128}, {'x': 628, 'y': 517, 't': 1152}, {'x': 629, 'y': 514, 't': 1178}, {'x': 630, 'y': 513, 't': 1194}, {'x': 630, 'y': 511, 't': 1210}, {'x': 630, 'y': 510, 't': 1231}, {'x': 631, 'y': 508, 't': 1248}, {'x': 630, 'y': 509, 't': 1497}, {'x': 628, 'y': 511, 't': 1515}, {'x': 627, 'y': 514, 't': 1532}]",1,"[{'x': 627, 'y': 514}]",[72],[1753],259.06682764131915,208.9095915601589,sadness_20240304153410402625_graph.png
040324153106,contentment,20,Male,Student,Intermediate,awe,awe_00002.jpg,No,2384,contentment,"[{'x': 1010, 'y': 701, 't': 443}, {'x': 1010, 'y': 696, 't': 460}, {'x': 1002, 'y': 683, 't': 476}, {'x': 983, 'y': 657, 't': 494}, {'x': 949, 'y': 632, 't': 510}, {'x': 875, 'y': 586, 't': 528}, {'x': 849, 'y': 570, 't': 543}, {'x': 802, 'y': 551, 't': 560}, {'x': 787, 'y': 547, 't': 577}, {'x': 768, 'y': 546, 't': 593}, {'x': 737, 'y': 542, 't': 610}, {'x': 689, 'y': 534, 't': 627}, {'x': 645, 'y': 526, 't': 643}, {'x': 625, 'y': 523, 't': 661}, {'x': 618, 'y': 523, 't': 677}, {'x': 615, 'y': 522, 't': 693}, {'x': 614, 'y': 521, 't': 710}, {'x': 610, 'y': 521, 't': 727}, {'x': 606, 'y': 521, 't': 744}, {'x': 604, 'y': 521, 't': 760}, {'x': 607, 'y': 521, 't': 1028}, {'x': 629, 'y': 517, 't': 1044}, {'x': 647, 'y': 515, 't': 1060}, {'x': 649, 'y': 514, 't': 1077}, {'x': 652, 'y': 513, 't': 1392}, {'x': 657, 'y': 513, 't': 1616}, {'x': 678, 'y': 508, 't': 1628}, {'x': 728, 'y': 504, 't': 1644}, {'x': 774, 'y': 496, 't': 1661}, {'x': 816, 'y': 492, 't': 1677}, {'x': 872, 'y': 484, 't': 1694}, {'x': 926, 'y': 480, 't': 1705}, {'x': 988, 'y': 480, 't': 1722}, {'x': 1060, 'y': 480, 't': 1738}, {'x': 1146, 'y': 480, 't': 1755}, {'x': 1188, 'y': 480, 't': 1764}, {'x': 1252, 'y': 480, 't': 1781}, {'x': 1280, 'y': 480, 't': 1797}, {'x': 1283, 'y': 480, 't': 1814}, {'x': 1287, 'y': 480, 't': 1830}, {'x': 1293, 'y': 480, 't': 1847}, {'x': 1297, 'y': 478, 't': 1864}, {'x': 1299, 'y': 478, 't': 1880}, {'x': 1300, 'y': 483, 't': 2014}, {'x': 1292, 'y': 493, 't': 2031}, {'x': 1286, 'y': 504, 't': 2047}, {'x': 1280, 'y': 511, 't': 2064}, {'x': 1276, 'y': 513, 't': 2081}, {'x': 1271, 'y': 516, 't': 2097}, {'x': 1271, 'y': 517, 't': 2122}, {'x': 1271, 'y': 517, 't': 2139}, {'x': 1268, 'y': 520, 't': 2184}, {'x': 1262, 'y': 524, 't': 2200}, {'x': 1261, 'y': 525, 't': 2216}, {'x': 1260, 'y': 526, 't': 2232}]",1,"[{'x': 1260, 'y': 526}]",[80],[2384],515.0761591029665,128.00498758110007,awe_20240304153433476681_graph.png
040324153106,contentment,20,Male,Student,Intermediate,anger,"<iframe width=""560"" height=""315"" src=""https://www.youtube.com/embed/guVlUIt-eP4?si=ThXOTkgF7BjIoLul&amp;controls=0"" title=""YouTube video player"" frameborder=""0"" allow=""accelerometer; autoplay; clipboard-write; encrypted-media; gyroscope; picture-in-picture; web-share"" allowfullscreen></iframe>",Yes,1560,disgust,"[{'x': 1003, 'y': 645, 't': 268}, {'x': 1034, 'y': 626, 't': 285}, {'x': 1071, 'y': 605, 't': 301}, {'x': 1094, 'y': 585, 't': 318}, {'x': 1120, 'y': 563, 't': 334}, {'x': 1135, 'y': 551, 't': 351}, {'x': 1158, 'y': 531, 't': 368}, {'x': 1168, 'y': 523, 't': 385}, {'x': 1174, 'y': 518, 't': 401}, {'x': 1178, 'y': 518, 't': 417}, {'x': 1181, 'y': 515, 't': 434}, {'x': 1185, 'y': 511, 't': 451}, {'x': 1186, 'y': 510, 't': 468}, {'x': 1190, 'y': 506, 't': 484}, {'x': 1195, 'y': 503, 't': 502}, {'x': 1199, 'y': 501, 't': 518}, {'x': 1201, 'y': 499, 't': 534}, {'x': 1202, 'y': 498, 't': 551}, {'x': 1198, 'y': 498, 't': 618}, {'x': 1193, 'y': 501, 't': 634}, {'x': 1188, 'y': 504, 't': 651}, {'x': 1171, 'y': 509, 't': 667}, {'x': 1133, 'y': 518, 't': 684}, {'x': 1092, 'y': 532, 't': 701}, {'x': 1040, 'y': 556, 't': 718}, {'x': 988, 'y': 568, 't': 734}, {'x': 932, 'y': 584, 't': 751}, {'x': 872, 'y': 596, 't': 767}, {'x': 808, 'y': 604, 't': 784}, {'x': 783, 'y': 608, 't': 801}, {'x': 767, 'y': 608, 't': 817}, {'x': 742, 'y': 608, 't': 834}, {'x': 678, 'y': 608, 't': 851}, {'x': 608, 'y': 608, 't': 867}, {'x': 552, 'y': 608, 't': 884}, {'x': 515, 'y': 604, 't': 901}, {'x': 488, 'y': 597, 't': 917}, {'x': 477, 'y': 593, 't': 934}, {'x': 471, 'y': 590, 't': 951}, {'x': 470, 'y': 585, 't': 1001}, {'x': 470, 'y': 576, 't': 1018}, {'x': 470, 'y': 567, 't': 1034}, {'x': 473, 'y': 562, 't': 1052}, {'x': 482, 'y': 558, 't': 1068}, {'x': 503, 'y': 549, 't': 1084}, {'x': 515, 'y': 543, 't': 1102}, {'x': 523, 'y': 539, 't': 1118}, {'x': 532, 'y': 537, 't': 1134}, {'x': 539, 'y': 534, 't': 1151}, {'x': 547, 'y': 532, 't': 1168}, {'x': 549, 'y': 532, 't': 1270}, {'x': 555, 'y': 532, 't': 1287}, {'x': 560, 'y': 531, 't': 1304}, {'x': 561, 'y': 530, 't': 1321}, {'x': 563, 'y': 530, 't': 1337}, {'x': 567, 'y': 530, 't': 1354}, {'x': 568, 'y': 529, 't': 1370}, {'x': 571, 'y': 528, 't': 1387}, {'x': 573, 'y': 526, 't': 1403}, {'x': 575, 'y': 526, 't': 1421}, {'x': 578, 'y': 525, 't': 1437}, {'x': 579, 'y': 524, 't': 1560}]",1,"[{'x': 578, 'y': 525}]",[72],[1560],732.6847065584304,282.64578953270365,anger_20240304153502030622_graph.png
040324153106,contentment,20,Male,Student,Intermediate,contentment,contentment_00007.jpg,Yes,1760,contentment,"[{'x': 942, 'y': 712, 't': 336}, {'x': 923, 'y': 711, 't': 353}, {'x': 828, 'y': 711, 't': 370}, {'x': 734, 'y': 695, 't': 387}, {'x': 676, 'y': 687, 't': 404}, {'x': 656, 'y': 683, 't': 420}, {'x': 653, 'y': 682, 't': 437}, {'x': 653, 'y': 678, 't': 538}, {'x': 655, 'y': 667, 't': 553}, {'x': 668, 'y': 647, 't': 570}, {'x': 673, 'y': 637, 't': 587}, {'x': 678, 'y': 628, 't': 604}, {'x': 680, 'y': 624, 't': 620}, {'x': 682, 'y': 618, 't': 637}, {'x': 685, 'y': 610, 't': 654}, {'x': 686, 'y': 597, 't': 670}, {'x': 689, 'y': 582, 't': 687}, {'x': 689, 'y': 570, 't': 703}, {'x': 689, 'y': 556, 't': 721}, {'x': 689, 'y': 550, 't': 738}, {'x': 685, 'y': 544, 't': 754}, {'x': 680, 'y': 535, 't': 771}, {'x': 678, 'y': 533, 't': 787}, {'x': 676, 'y': 529, 't': 803}, {'x': 675, 'y': 528, 't': 820}, {'x': 674, 'y': 527, 't': 837}, {'x': 672, 'y': 523, 't': 854}, {'x': 669, 'y': 515, 't': 870}, {'x': 666, 'y': 510, 't': 888}, {'x': 664, 'y': 502, 't': 904}, {'x': 662, 'y': 498, 't': 921}, {'x': 662, 'y': 496, 't': 936}, {'x': 660, 'y': 494, 't': 953}, {'x': 659, 'y': 493, 't': 1392}, {'x': 654, 'y': 496, 't': 1421}, {'x': 652, 'y': 498, 't': 1437}, {'x': 650, 'y': 500, 't': 1454}, {'x': 647, 'y': 505, 't': 1471}, {'x': 643, 'y': 507, 't': 1505}, {'x': 641, 'y': 509, 't': 1521}, {'x': 639, 'y': 511, 't': 1531}, {'x': 637, 'y': 513, 't': 1564}]",1,"[{'x': 637, 'y': 513}]",[64],[1760],299.65450251795454,206.9196179819234,contentment_20240304153520423342_graph.png
